utc,endpoint,head,occupancyCall
2026-08-19T16:03:06.917Z,QuickNodeEP1,45693549,HTTP 503
2026-08-19T16:03:06.917Z,CoinbasePub,45693549,HTTP 503
2026-08-19T16:04:07.766Z,QuickNodeEP1,45693579,HTTP 503
2026-08-19T16:04:07.766Z,CoinbasePub,45693579,HTTP 503
2026-08-19T16:05:07.798Z,QuickNodeEP1,45693609,HTTP 503
2026-08-19T16:05:07.798Z,CoinbasePub,45693609,HTTP 503
2026-08-19T16:06:08.301Z,QuickNodeEP1,45693639,HTTP 503
2026-08-19T16:06:08.301Z,CoinbasePub,45693640,HTTP 503
2026-08-19T16:07:08.268Z,QuickNodeEP1,45693669,HTTP 503
2026-08-19T16:07:08.268Z,CoinbasePub,45693670,HTTP 503
2026-08-19T16:08:08.288Z,QuickNodeEP1,45693699,HTTP 503
2026-08-19T16:08:08.288Z,CoinbasePub,45693700,HTTP 503
2026-08-19T16:09:08.311Z,QuickNodeEP1,45693729,HTTP 503
2026-08-19T16:09:08.311Z,CoinbasePub,45693730,HTTP 503
2026-08-19T16:10:08.393Z,QuickNodeEP1,45693759,HTTP 503
2026-08-19T16:10:08.393Z,CoinbasePub,45693760,HTTP 503
2026-08-19T16:11:08.316Z,QuickNodeEP1,45693789,HTTP 503
2026-08-19T16:11:08.316Z,CoinbasePub,45693790,HTTP 503
2026-08-19T16:12:07.926Z,QuickNodeEP1,45693819,HTTP 503
2026-08-19T16:12:07.926Z,CoinbasePub,45693819,HTTP 503
2026-08-19T16:13:08.350Z,QuickNodeEP1,45693849,HTTP 503
2026-08-19T16:13:08.350Z,CoinbasePub,45693850,HTTP 503
2026-08-19T16:14:07.859Z,QuickNodeEP1,45693879,127
2026-08-19T16:14:07.859Z,CoinbasePub,45693879,HTTP 503
2026-08-19T16:15:07.848Z,QuickNodeEP1,45693909,HTTP 503
2026-08-19T16:15:07.848Z,CoinbasePub,45693909,HTTP 503
2026-08-19T16:16:08.442Z,QuickNodeEP1,45693939,HTTP 503
2026-08-19T16:16:08.442Z,CoinbasePub,45693940,HTTP 503
2026-08-19T16:17:08.422Z,QuickNodeEP1,45693969,HTTP 503
2026-08-19T16:17:08.422Z,CoinbasePub,45693970,HTTP 503
2026-08-19T16:18:07.836Z,QuickNodeEP1,45693999,HTTP 503
2026-08-19T16:18:07.836Z,CoinbasePub,45693999,HTTP 503
2026-08-19T16:19:07.818Z,QuickNodeEP1,45694029,HTTP 503
2026-08-19T16:19:07.818Z,CoinbasePub,45694029,HTTP 503
2026-08-19T16:20:08.403Z,QuickNodeEP1,45694059,HTTP 503
2026-08-19T16:20:08.403Z,CoinbasePub,45694059,HTTP 503
2026-08-19T16:21:08.478Z,QuickNodeEP1,45694089,HTTP 503
2026-08-19T16:21:08.478Z,CoinbasePub,45694089,HTTP 503
2026-08-19T16:22:08.702Z,QuickNodeEP1,45694119,HTTP 503
2026-08-19T16:22:08.702Z,CoinbasePub,45694120,HTTP 503
2026-08-19T16:23:08.426Z,QuickNodeEP1,45694149,HTTP 503
2026-08-19T16:23:08.426Z,CoinbasePub,45694150,HTTP 503
2026-08-19T16:24:07.906Z,QuickNodeEP1,45694179,HTTP 503
2026-08-19T16:24:07.906Z,CoinbasePub,45694179,HTTP 503
2026-08-19T16:25:07.885Z,QuickNodeEP1,45694209,HTTP 503
2026-08-19T16:25:07.885Z,CoinbasePub,45694209,HTTP 503
2026-08-19T16:26:07.889Z,QuickNodeEP1,45694239,HTTP 503
2026-08-19T16:26:07.889Z,CoinbasePub,45694239,HTTP 503
2026-08-19T16:27:07.974Z,QuickNodeEP1,45694269,HTTP 503
2026-08-19T16:27:07.974Z,CoinbasePub,45694270,HTTP 503
2026-08-19T16:28:08.622Z,QuickNodeEP1,45694299,HTTP 503
2026-08-19T16:28:08.622Z,CoinbasePub,45694300,HTTP 503
2026-08-19T16:29:08.428Z,QuickNodeEP1,45694329,HTTP 503
2026-08-19T16:29:08.428Z,CoinbasePub,45694330,HTTP 503
2026-08-19T16:30:08.021Z,QuickNodeEP1,45694359,HTTP 503
2026-08-19T16:30:08.021Z,CoinbasePub,45694360,HTTP 503
2026-08-19T16:31:07.942Z,QuickNodeEP1,45694389,HTTP 503
2026-08-19T16:31:07.942Z,CoinbasePub,45694389,HTTP 503
2026-08-19T16:32:07.927Z,QuickNodeEP1,45694419,127
2026-08-19T16:32:07.927Z,CoinbasePub,45694419,HTTP 503
2026-08-19T16:33:08.089Z,QuickNodeEP1,45694449,127
2026-08-19T16:33:08.089Z,CoinbasePub,45694450,HTTP 503
2026-08-19T16:34:07.998Z,QuickNodeEP1,45694479,127
2026-08-19T16:34:07.998Z,CoinbasePub,45694480,HTTP 503
2026-08-19T16:35:08.506Z,QuickNodeEP1,45694509,HTTP 503
2026-08-19T16:35:08.506Z,CoinbasePub,45694510,HTTP 503
2026-08-19T16:36:07.984Z,QuickNodeEP1,45694539,127
2026-08-19T16:36:07.984Z,CoinbasePub,45694540,HTTP 503
2026-08-19T16:37:08.005Z,QuickNodeEP1,45694569,127
2026-08-19T16:37:08.005Z,CoinbasePub,45694570,HTTP 503
2026-08-19T16:38:08.548Z,QuickNodeEP1,45694599,HTTP 503
2026-08-19T16:38:08.548Z,CoinbasePub,45694600,HTTP 503
2026-08-19T16:39:08.699Z,QuickNodeEP1,45694629,127
2026-08-19T16:39:08.699Z,CoinbasePub,45694630,127
2026-08-19T16:40:08.521Z,QuickNodeEP1,45694659,127
2026-08-19T16:40:08.521Z,CoinbasePub,45694660,127
2026-08-19T16:41:08.198Z,QuickNodeEP1,45694689,127
2026-08-19T16:41:08.198Z,CoinbasePub,45694690,127
2026-08-19T16:42:07.992Z,QuickNodeEP1,45694719,127
2026-08-19T16:42:07.992Z,CoinbasePub,45694719,127
2026-08-19T16:43:08.553Z,QuickNodeEP1,45694749,127
2026-08-19T16:43:08.553Z,CoinbasePub,45694750,127
2026-08-19T16:44:08.389Z,QuickNodeEP1,45694779,127
2026-08-19T16:44:08.389Z,CoinbasePub,45694780,127
2026-08-19T16:45:08.093Z,QuickNodeEP1,45694809,127
2026-08-19T16:45:08.093Z,CoinbasePub,45694810,127
2026-08-19T16:46:08.027Z,QuickNodeEP1,45694839,127
2026-08-19T16:46:08.027Z,CoinbasePub,45694840,127
2026-08-19T16:47:08.114Z,QuickNodeEP1,45694869,127
2026-08-19T16:47:08.114Z,CoinbasePub,45694870,127
2026-08-19T16:48:08.180Z,QuickNodeEP1,45694899,127
2026-08-19T16:48:08.180Z,CoinbasePub,45694900,127
2026-08-19T16:49:08.082Z,QuickNodeEP1,45694929,127
2026-08-19T16:49:08.082Z,CoinbasePub,45694930,127
2026-08-19T16:50:08.060Z,QuickNodeEP1,45694959,127
2026-08-19T16:50:08.060Z,CoinbasePub,45694960,127
2026-08-19T16:51:08.167Z,QuickNodeEP1,45694989,127
2026-08-19T16:51:08.167Z,CoinbasePub,45694990,127
2026-08-19T16:52:08.091Z,QuickNodeEP1,45695019,127
2026-08-19T16:52:08.091Z,CoinbasePub,45695020,127
2026-08-19T16:53:08.149Z,QuickNodeEP1,45695049,127
2026-08-19T16:53:08.149Z,CoinbasePub,45695050,127
2026-08-19T16:54:08.062Z,QuickNodeEP1,45695079,127
2026-08-19T16:54:08.062Z,CoinbasePub,45695080,127
2026-08-19T16:56:03.234Z,QuickNodeEP1,45695137,127
2026-08-19T16:56:03.234Z,CoinbasePub,45695137,127
2026-08-19T19:06:52.160Z,QuickNodeEP1,45699061,127
2026-08-19T19:06:52.160Z,CoinbasePub,45699062,HTTP 503
2026-08-19T19:07:34.178Z,QuickNodeEP1,45699082,127
2026-08-19T19:07:34.178Z,CoinbasePub,45699083,HTTP 503
2026-08-19T19:08:35.827Z,QuickNodeEP1,45699113,127
2026-08-19T19:08:35.827Z,CoinbasePub,45699113,127
2026-08-19T19:09:35.556Z,QuickNodeEP1,45699143,127
2026-08-19T19:09:35.556Z,CoinbasePub,45699143,127
2026-08-19T19:10:35.054Z,QuickNodeEP1,45699173,127
2026-08-19T19:10:35.054Z,CoinbasePub,45699173,127
2026-08-19T19:11:35.287Z,QuickNodeEP1,45699203,127
2026-08-19T19:11:35.287Z,CoinbasePub,45699203,127
2026-08-19T19:12:35.587Z,QuickNodeEP1,45699231,127
2026-08-19T19:12:35.587Z,CoinbasePub,45699231,HTTP 503
2026-08-19T19:13:35.358Z,QuickNodeEP1,45699263,127
2026-08-19T19:13:35.358Z,CoinbasePub,45699263,HTTP 503
2026-08-19T19:14:35.048Z,QuickNodeEP1,45699293,127
2026-08-19T19:14:35.048Z,CoinbasePub,45699293,HTTP 503
2026-08-19T19:15:35.074Z,QuickNodeEP1,45699323,127
2026-08-19T19:15:35.074Z,CoinbasePub,45699323,HTTP 503
2026-08-19T19:16:35.201Z,QuickNodeEP1,45699353,127
2026-08-19T19:16:35.201Z,CoinbasePub,45699353,127
2026-08-19T19:17:35.585Z,QuickNodeEP1,45699383,127
2026-08-19T19:17:35.585Z,CoinbasePub,45699383,127
2026-08-19T19:18:35.364Z,QuickNodeEP1,45699413,127
2026-08-19T19:18:35.364Z,CoinbasePub,45699413,HTTP 503
2026-08-19T19:19:35.045Z,QuickNodeEP1,45699443,127
2026-08-19T19:19:35.045Z,CoinbasePub,45699443,HTTP 503
2026-08-19T19:20:35.133Z,QuickNodeEP1,45699473,127
2026-08-19T19:20:35.133Z,CoinbasePub,45699473,127
2026-08-19T19:21:35.690Z,QuickNodeEP1,45699503,127
2026-08-19T19:21:35.690Z,CoinbasePub,45699503,127
2026-08-19T19:22:35.685Z,QuickNodeEP1,45699533,HTTP 503
2026-08-19T19:22:35.685Z,CoinbasePub,45699533,HTTP 503
2026-08-19T19:23:35.773Z,QuickNodeEP1,45699563,127
2026-08-19T19:23:35.773Z,CoinbasePub,45699563,127
2026-08-19T19:24:35.501Z,QuickNodeEP1,45699593,127
2026-08-19T19:24:35.501Z,CoinbasePub,45699593,127
2026-08-19T19:26:44.695Z,QuickNodeEP1,45699658,127
2026-08-19T19:26:44.695Z,CoinbasePub,45699658,HTTP 503
2026-08-19T19:27:46.144Z,QuickNodeEP1,45699688,HTTP 503
2026-08-19T19:27:46.144Z,CoinbasePub,45699689,HTTP 503
2026-08-19T19:28:46.045Z,QuickNodeEP1,45699718,HTTP 503
2026-08-19T19:28:46.045Z,CoinbasePub,45699719,HTTP 503
2026-08-19T19:29:46.172Z,QuickNodeEP1,45699748,HTTP 503
2026-08-19T19:29:46.172Z,CoinbasePub,45699749,HTTP 503
2026-08-19T19:30:46.045Z,QuickNodeEP1,45699778,127
2026-08-19T19:30:46.045Z,CoinbasePub,45699779,127
2026-08-19T19:31:45.539Z,QuickNodeEP1,45699808,127
2026-08-19T19:31:45.539Z,CoinbasePub,45699808,127
2026-08-19T19:32:46.507Z,QuickNodeEP1,45699838,127
2026-08-19T19:32:46.507Z,CoinbasePub,45699839,127
2026-08-19T19:33:46.179Z,QuickNodeEP1,45699868,127
2026-08-19T19:33:46.179Z,CoinbasePub,45699869,127
2026-08-19T19:34:46.141Z,QuickNodeEP1,45699898,127
2026-08-19T19:34:46.141Z,CoinbasePub,45699899,127
2026-08-19T19:35:46.136Z,QuickNodeEP1,45699928,127
2026-08-19T19:35:46.136Z,CoinbasePub,45699929,127
2026-08-19T19:36:46.131Z,QuickNodeEP1,45699958,127
2026-08-19T19:36:46.131Z,CoinbasePub,45699959,127
2026-08-19T19:37:46.134Z,QuickNodeEP1,45699988,127
2026-08-19T19:37:46.134Z,CoinbasePub,45699989,127
2026-08-19T19:38:45.690Z,QuickNodeEP1,45700018,127
2026-08-19T19:38:45.690Z,CoinbasePub,45700018,127
2026-08-19T19:39:45.629Z,QuickNodeEP1,45700048,127
2026-08-19T19:39:45.629Z,CoinbasePub,45700048,127
2026-08-19T19:40:45.587Z,QuickNodeEP1,45700078,127
2026-08-19T19:40:45.587Z,CoinbasePub,45700078,127
2026-08-19T19:41:45.593Z,QuickNodeEP1,45700108,127
2026-08-19T19:41:45.593Z,CoinbasePub,45700108,127
2026-08-19T19:42:45.679Z,QuickNodeEP1,45700138,127
2026-08-19T19:42:45.679Z,CoinbasePub,45700138,127
2026-08-19T19:43:45.593Z,QuickNodeEP1,45700168,127
2026-08-19T19:43:45.593Z,CoinbasePub,45700168,127
2026-08-19T19:44:45.626Z,QuickNodeEP1,45700198,127
2026-08-19T19:44:45.626Z,CoinbasePub,45700198,127
2026-08-19T19:45:45.635Z,QuickNodeEP1,45700228,127
2026-08-19T19:45:45.635Z,CoinbasePub,45700228,127
2026-08-19T19:46:45.990Z,QuickNodeEP1,45700258,127
2026-08-19T19:46:45.990Z,CoinbasePub,45700258,127
2026-08-19T19:47:45.584Z,QuickNodeEP1,45700288,127
2026-08-19T19:47:45.584Z,CoinbasePub,45700288,127
2026-08-19T19:48:45.635Z,QuickNodeEP1,45700318,127
2026-08-19T19:48:45.635Z,CoinbasePub,45700318,127
2026-08-19T19:49:46.145Z,QuickNodeEP1,45700348,127
2026-08-19T19:49:46.145Z,CoinbasePub,45700349,127
2026-08-19T19:50:46.203Z,QuickNodeEP1,45700378,127
2026-08-19T19:50:46.203Z,CoinbasePub,45700379,127
2026-08-19T19:51:45.621Z,QuickNodeEP1,45700408,127
2026-08-19T19:51:45.621Z,CoinbasePub,45700408,127
2026-08-19T19:52:45.682Z,QuickNodeEP1,45700438,127
2026-08-19T19:52:45.682Z,CoinbasePub,45700438,127
2026-08-19T19:53:45.575Z,QuickNodeEP1,45700468,127
2026-08-19T19:53:45.575Z,CoinbasePub,45700468,127
2026-08-19T19:54:45.651Z,QuickNodeEP1,45700498,127
2026-08-19T19:54:45.651Z,CoinbasePub,45700498,127
2026-08-19T19:55:46.272Z,QuickNodeEP1,45700528,127
2026-08-19T19:55:46.272Z,CoinbasePub,45700529,127
2026-08-19T19:56:46.181Z,QuickNodeEP1,45700558,127
2026-08-19T19:56:46.181Z,CoinbasePub,45700559,127
2026-08-19T19:57:46.103Z,QuickNodeEP1,45700588,127
2026-08-19T19:57:46.103Z,CoinbasePub,45700589,127
2026-08-19T19:58:46.173Z,QuickNodeEP1,45700618,127
2026-08-19T19:58:46.173Z,CoinbasePub,45700619,127
2026-08-19T19:59:46.139Z,QuickNodeEP1,45700648,127
2026-08-19T19:59:46.139Z,CoinbasePub,45700649,127
2026-08-19T20:00:46.229Z,QuickNodeEP1,45700678,127
2026-08-19T20:00:46.229Z,CoinbasePub,45700679,127
2026-08-19T20:01:46.134Z,QuickNodeEP1,45700708,127
2026-08-19T20:01:46.134Z,CoinbasePub,45700709,127
2026-08-19T20:02:45.766Z,QuickNodeEP1,45700738,127
2026-08-19T20:02:45.766Z,CoinbasePub,45700738,127
2026-08-19T20:03:45.612Z,QuickNodeEP1,45700768,127
2026-08-19T20:03:45.612Z,CoinbasePub,45700768,127
2026-08-19T20:04:46.204Z,QuickNodeEP1,45700798,127
2026-08-19T20:04:46.204Z,CoinbasePub,45700799,127
2026-08-19T20:05:46.161Z,QuickNodeEP1,45700828,127
2026-08-19T20:05:46.161Z,CoinbasePub,45700829,127
2026-08-19T20:06:46.158Z,QuickNodeEP1,45700858,127
2026-08-19T20:06:46.158Z,CoinbasePub,45700859,127
2026-08-19T20:07:46.183Z,QuickNodeEP1,45700888,127
2026-08-19T20:07:46.183Z,CoinbasePub,45700889,127
2026-08-19T20:08:45.631Z,QuickNodeEP1,45700918,127
2026-08-19T20:08:45.631Z,CoinbasePub,45700918,127
2026-08-19T20:09:45.614Z,QuickNodeEP1,45700948,127
2026-08-19T20:09:45.614Z,CoinbasePub,45700948,127
2026-08-19T20:10:46.203Z,QuickNodeEP1,45700978,127
2026-08-19T20:10:46.203Z,CoinbasePub,45700979,127
2026-08-19T20:11:46.147Z,QuickNodeEP1,45701008,127
2026-08-19T20:11:46.147Z,CoinbasePub,45701009,127
2026-08-19T20:12:45.668Z,QuickNodeEP1,45701038,127
2026-08-19T20:12:45.668Z,CoinbasePub,45701038,127
2026-08-19T20:13:45.746Z,QuickNodeEP1,45701068,127
2026-08-19T20:13:45.746Z,CoinbasePub,45701068,127
2026-08-19T20:14:46.426Z,QuickNodeEP1,45701098,127
2026-08-19T20:14:46.426Z,CoinbasePub,45701099,127
2026-08-19T20:15:46.121Z,QuickNodeEP1,45701128,127
2026-08-19T20:15:46.121Z,CoinbasePub,45701129,127
2026-08-19T20:16:45.623Z,QuickNodeEP1,45701158,127
2026-08-19T20:16:45.623Z,CoinbasePub,45701158,127
2026-08-19T20:17:45.568Z,QuickNodeEP1,45701188,127
2026-08-19T20:17:45.568Z,CoinbasePub,45701188,127
2026-08-19T20:18:45.742Z,QuickNodeEP1,45701218,127
2026-08-19T20:18:45.742Z,CoinbasePub,45701218,127
2026-08-19T20:19:45.659Z,QuickNodeEP1,45701248,127
2026-08-19T20:19:45.659Z,CoinbasePub,45701248,127
2026-08-19T20:20:46.246Z,QuickNodeEP1,45701278,127
2026-08-19T20:20:46.246Z,CoinbasePub,45701279,127
2026-08-19T20:21:46.175Z,QuickNodeEP1,45701308,127
2026-08-19T20:21:46.175Z,CoinbasePub,45701309,127
2026-08-19T20:22:46.367Z,QuickNodeEP1,45701338,127
2026-08-19T20:22:46.367Z,CoinbasePub,45701339,127
2026-08-19T20:23:46.250Z,QuickNodeEP1,45701368,127
2026-08-19T20:23:46.250Z,CoinbasePub,45701369,127
2026-08-19T20:24:46.263Z,QuickNodeEP1,45701398,127
2026-08-19T20:24:46.263Z,CoinbasePub,45701399,127
2026-08-19T20:25:45.692Z,QuickNodeEP1,45701428,127
2026-08-19T20:25:45.692Z,CoinbasePub,45701428,127
2026-08-19T20:26:45.751Z,QuickNodeEP1,45701458,127
2026-08-19T20:26:45.751Z,CoinbasePub,45701458,127
2026-08-19T20:27:46.239Z,QuickNodeEP1,45701488,127
2026-08-19T20:27:46.239Z,CoinbasePub,45701489,127
2026-08-19T20:28:46.314Z,QuickNodeEP1,45701518,127
2026-08-19T20:28:46.314Z,CoinbasePub,45701519,127
2026-08-19T20:29:46.182Z,QuickNodeEP1,45701548,127
2026-08-19T20:29:46.182Z,CoinbasePub,45701549,127
2026-08-19T20:30:45.858Z,QuickNodeEP1,45701578,127
2026-08-19T20:30:45.858Z,CoinbasePub,45701578,127
2026-08-19T20:31:46.433Z,QuickNodeEP1,45701608,127
2026-08-19T20:31:46.433Z,CoinbasePub,45701609,127
2026-08-19T20:32:46.281Z,QuickNodeEP1,45701638,127
2026-08-19T20:32:46.281Z,CoinbasePub,45701639,127
2026-08-19T20:33:45.835Z,QuickNodeEP1,45701668,127
2026-08-19T20:33:45.835Z,CoinbasePub,45701668,127
2026-08-19T20:34:45.758Z,QuickNodeEP1,45701698,127
2026-08-19T20:34:45.758Z,CoinbasePub,45701698,127
2026-08-19T20:35:46.622Z,QuickNodeEP1,45701728,127
2026-08-19T20:35:46.622Z,CoinbasePub,45701729,127
2026-08-19T20:36:46.340Z,QuickNodeEP1,45701758,127
2026-08-19T20:36:46.340Z,CoinbasePub,45701759,127
2026-08-19T20:37:45.763Z,QuickNodeEP1,45701788,127
2026-08-19T20:37:45.763Z,CoinbasePub,45701788,127
2026-08-19T20:38:45.707Z,QuickNodeEP1,45701818,127
2026-08-19T20:38:45.707Z,CoinbasePub,45701818,127
2026-08-19T20:39:45.789Z,QuickNodeEP1,45701848,127
2026-08-19T20:39:45.789Z,CoinbasePub,45701848,127
2026-08-19T20:40:46.295Z,QuickNodeEP1,45701878,127
2026-08-19T20:40:46.295Z,CoinbasePub,45701879,127
2026-08-19T20:41:45.862Z,QuickNodeEP1,45701908,127
2026-08-19T20:41:45.862Z,CoinbasePub,45701908,127
2026-08-19T20:42:46.382Z,QuickNodeEP1,45701938,127
2026-08-19T20:42:46.382Z,CoinbasePub,45701939,127
2026-08-19T20:43:46.323Z,QuickNodeEP1,45701968,127
2026-08-19T20:43:46.323Z,CoinbasePub,45701969,127
2026-08-19T20:44:46.297Z,QuickNodeEP1,45701998,127
2026-08-19T20:44:46.297Z,CoinbasePub,45701999,127
2026-08-19T20:45:45.772Z,QuickNodeEP1,45702028,127
2026-08-19T20:45:45.772Z,CoinbasePub,45702028,127
2026-08-19T20:46:45.788Z,QuickNodeEP1,45702058,127
2026-08-19T20:46:45.788Z,CoinbasePub,45702058,127
2026-08-19T20:47:45.824Z,QuickNodeEP1,45702088,127
2026-08-19T20:47:45.824Z,CoinbasePub,45702088,127
2026-08-19T20:48:45.717Z,QuickNodeEP1,45702118,127
2026-08-19T20:48:45.717Z,CoinbasePub,45702118,127
2026-08-19T20:49:45.749Z,QuickNodeEP1,45702148,127
2026-08-19T20:49:45.749Z,CoinbasePub,45702148,127
2026-08-19T20:50:45.734Z,QuickNodeEP1,45702178,127
2026-08-19T20:50:45.734Z,CoinbasePub,45702178,127
2026-08-19T20:51:45.816Z,QuickNodeEP1,45702208,127
2026-08-19T20:51:45.816Z,CoinbasePub,45702208,127
2026-08-19T20:52:45.788Z,QuickNodeEP1,45702238,127
2026-08-19T20:52:45.788Z,CoinbasePub,45702238,127
2026-08-19T20:53:46.357Z,QuickNodeEP1,45702268,127
2026-08-19T20:53:46.357Z,CoinbasePub,45702269,127
2026-08-19T20:54:46.369Z,QuickNodeEP1,45702298,127
2026-08-19T20:54:46.369Z,CoinbasePub,45702299,127
2026-08-19T20:55:45.844Z,QuickNodeEP1,45702328,127
2026-08-19T20:55:45.844Z,CoinbasePub,45702328,127
2026-08-19T20:56:45.840Z,QuickNodeEP1,45702358,127
2026-08-19T20:56:45.840Z,CoinbasePub,45702358,127
2026-08-19T20:57:45.752Z,QuickNodeEP1,45702388,127
2026-08-19T20:57:45.752Z,CoinbasePub,45702388,127
2026-08-19T20:58:45.722Z,QuickNodeEP1,45702418,127
2026-08-19T20:58:45.722Z,CoinbasePub,45702418,127
2026-08-19T20:59:46.470Z,QuickNodeEP1,45702448,127
2026-08-19T20:59:46.470Z,CoinbasePub,45702449,127
2026-08-19T21:00:46.310Z,QuickNodeEP1,45702478,127
2026-08-19T21:00:46.310Z,CoinbasePub,45702479,127
2026-08-19T21:01:46.316Z,QuickNodeEP1,45702508,127
2026-08-19T21:01:46.316Z,CoinbasePub,45702509,127
2026-08-19T21:02:46.342Z,QuickNodeEP1,45702538,127
2026-08-19T21:02:46.342Z,CoinbasePub,45702539,127
2026-08-19T21:03:45.752Z,QuickNodeEP1,45702568,127
2026-08-19T21:03:45.752Z,CoinbasePub,45702568,127
2026-08-19T21:04:45.789Z,QuickNodeEP1,45702598,127
2026-08-19T21:04:45.789Z,CoinbasePub,45702598,127
2026-08-19T21:05:45.796Z,QuickNodeEP1,45702628,127
2026-08-19T21:05:45.796Z,CoinbasePub,45702628,127
2026-08-19T21:06:45.721Z,QuickNodeEP1,45702658,127
2026-08-19T21:06:45.721Z,CoinbasePub,45702658,127
2026-08-19T21:07:45.758Z,QuickNodeEP1,45702688,127
2026-08-19T21:07:45.758Z,CoinbasePub,45702688,127
2026-08-19T21:08:46.341Z,QuickNodeEP1,45702718,127
2026-08-19T21:08:46.341Z,CoinbasePub,45702719,127
2026-08-19T21:09:46.412Z,QuickNodeEP1,45702748,127
2026-08-19T21:09:46.412Z,CoinbasePub,45702749,127
2026-08-19T21:10:46.417Z,QuickNodeEP1,45702778,127
2026-08-19T21:10:46.417Z,CoinbasePub,45702779,127
2026-08-19T21:11:46.396Z,QuickNodeEP1,45702808,127
2026-08-19T21:11:46.396Z,CoinbasePub,45702809,127
2026-08-19T21:12:46.162Z,QuickNodeEP1,45702838,127
2026-08-19T21:12:46.162Z,CoinbasePub,45702839,127
2026-08-19T21:13:45.828Z,QuickNodeEP1,45702868,127
2026-08-19T21:13:45.828Z,CoinbasePub,45702868,127
2026-08-19T21:14:45.863Z,QuickNodeEP1,45702898,127
2026-08-19T21:14:45.863Z,CoinbasePub,45702898,127
2026-08-19T21:15:45.871Z,QuickNodeEP1,45702928,127
2026-08-19T21:15:45.871Z,CoinbasePub,45702928,127
2026-08-19T21:16:45.924Z,QuickNodeEP1,45702958,127
2026-08-19T21:16:45.924Z,CoinbasePub,45702958,127
2026-08-19T21:17:45.974Z,QuickNodeEP1,45702988,127
2026-08-19T21:17:45.974Z,CoinbasePub,45702988,127
2026-08-19T21:18:46.472Z,QuickNodeEP1,45703018,127
2026-08-19T21:18:46.472Z,CoinbasePub,45703019,127
2026-08-19T21:19:46.449Z,QuickNodeEP1,45703048,127
2026-08-19T21:19:46.449Z,CoinbasePub,45703049,127
2026-08-19T21:20:46.498Z,QuickNodeEP1,45703078,127
2026-08-19T21:20:46.498Z,CoinbasePub,45703079,127
2026-08-19T21:21:46.543Z,QuickNodeEP1,45703108,127
2026-08-19T21:21:46.543Z,CoinbasePub,45703109,127
2026-08-19T21:22:46.475Z,QuickNodeEP1,45703138,127
2026-08-19T21:22:46.475Z,CoinbasePub,45703139,127
2026-08-19T21:23:46.459Z,QuickNodeEP1,45703168,127
2026-08-19T21:23:46.459Z,CoinbasePub,45703169,127
2026-08-19T21:24:46.066Z,QuickNodeEP1,45703198,127
2026-08-19T21:24:46.066Z,CoinbasePub,45703198,127
2026-08-19T21:25:46.004Z,QuickNodeEP1,45703228,127
2026-08-19T21:25:46.004Z,CoinbasePub,45703229,127
2026-08-19T21:26:46.132Z,QuickNodeEP1,45703258,127
2026-08-19T21:26:46.132Z,CoinbasePub,45703259,127
2026-08-19T21:27:46.507Z,QuickNodeEP1,45703288,127
2026-08-19T21:27:46.507Z,CoinbasePub,45703289,127
2026-08-19T21:28:46.532Z,QuickNodeEP1,45703318,127
2026-08-19T21:28:46.532Z,CoinbasePub,45703319,127
2026-08-19T21:29:45.971Z,QuickNodeEP1,45703348,127
2026-08-19T21:29:45.971Z,CoinbasePub,45703348,127
2026-08-19T21:30:46.012Z,QuickNodeEP1,45703378,127
2026-08-19T21:30:46.012Z,CoinbasePub,45703378,127
2026-08-19T21:31:45.956Z,QuickNodeEP1,45703408,127
2026-08-19T21:31:45.956Z,CoinbasePub,45703408,127
2026-08-19T21:32:46.193Z,QuickNodeEP1,45703438,127
2026-08-19T21:32:46.193Z,CoinbasePub,45703439,127
2026-08-19T21:33:46.576Z,QuickNodeEP1,45703468,127
2026-08-19T21:33:46.576Z,CoinbasePub,45703469,127
2026-08-19T21:34:46.101Z,QuickNodeEP1,45703498,127
2026-08-19T21:34:46.101Z,CoinbasePub,45703499,127
2026-08-19T21:35:46.018Z,QuickNodeEP1,45703528,127
2026-08-19T21:35:46.018Z,CoinbasePub,45703529,127
2026-08-19T21:36:45.985Z,QuickNodeEP1,45703558,127
2026-08-19T21:36:45.985Z,CoinbasePub,45703559,127
2026-08-19T21:37:46.662Z,QuickNodeEP1,45703588,127
2026-08-19T21:37:46.662Z,CoinbasePub,45703589,127
2026-08-19T21:38:46.039Z,QuickNodeEP1,45703618,127
2026-08-19T21:38:46.039Z,CoinbasePub,45703619,127
2026-08-19T21:39:46.036Z,QuickNodeEP1,45703648,127
2026-08-19T21:39:46.036Z,CoinbasePub,45703649,127
2026-08-19T21:40:46.097Z,QuickNodeEP1,45703678,127
2026-08-19T21:40:46.097Z,CoinbasePub,45703679,127
2026-08-19T21:41:46.066Z,QuickNodeEP1,45703708,127
2026-08-19T21:41:46.066Z,CoinbasePub,45703709,127
2026-08-19T21:42:46.481Z,QuickNodeEP1,45703738,127
2026-08-19T21:42:46.481Z,CoinbasePub,45703739,127
2026-08-19T21:43:46.765Z,QuickNodeEP1,45703768,127
2026-08-19T21:43:46.765Z,CoinbasePub,45703769,127
2026-08-19T21:44:46.371Z,QuickNodeEP1,45703798,127
2026-08-19T21:44:46.371Z,CoinbasePub,45703799,127
2026-08-19T21:45:46.026Z,QuickNodeEP1,45703828,127
2026-08-19T21:45:46.026Z,CoinbasePub,45703829,127
2026-08-19T21:46:46.101Z,QuickNodeEP1,45703858,127
2026-08-19T21:46:46.101Z,CoinbasePub,45703859,127
2026-08-19T21:47:46.858Z,QuickNodeEP1,45703888,127
2026-08-19T21:47:46.858Z,CoinbasePub,45703889,127
2026-08-19T21:48:46.492Z,QuickNodeEP1,45703918,127
2026-08-19T21:48:46.492Z,CoinbasePub,45703919,127
2026-08-19T21:49:46.172Z,QuickNodeEP1,45703948,127
2026-08-19T21:49:46.172Z,CoinbasePub,45703949,127
2026-08-19T21:50:46.110Z,QuickNodeEP1,45703978,127
2026-08-19T21:50:46.110Z,CoinbasePub,45703979,127
2026-08-19T21:51:46.113Z,QuickNodeEP1,45704008,127
2026-08-19T21:51:46.113Z,CoinbasePub,45704009,127
2026-08-19T21:52:46.222Z,QuickNodeEP1,45704038,127
2026-08-19T21:52:46.222Z,CoinbasePub,45704039,127
2026-08-19T21:53:46.235Z,QuickNodeEP1,45704068,127
2026-08-19T21:53:46.235Z,CoinbasePub,45704069,127
2026-08-19T21:54:46.755Z,QuickNodeEP1,45704098,127
2026-08-19T21:54:46.755Z,CoinbasePub,45704099,127
2026-08-19T21:55:46.694Z,QuickNodeEP1,45704128,127
2026-08-19T21:55:46.694Z,CoinbasePub,45704129,127
2026-08-19T21:56:46.705Z,QuickNodeEP1,45704158,127
2026-08-19T21:56:46.705Z,CoinbasePub,45704159,127
2026-08-19T21:57:46.248Z,QuickNodeEP1,45704188,127
2026-08-19T21:57:46.248Z,CoinbasePub,45704189,127
2026-08-19T21:58:46.187Z,QuickNodeEP1,45704218,127
2026-08-19T21:58:46.187Z,CoinbasePub,45704219,127
2026-08-19T21:59:46.788Z,QuickNodeEP1,45704249,127
2026-08-19T21:59:46.788Z,CoinbasePub,45704249,127
2026-08-19T22:00:46.654Z,QuickNodeEP1,45704279,127
2026-08-19T22:00:46.654Z,CoinbasePub,45704279,127
2026-08-19T22:01:46.181Z,QuickNodeEP1,45704308,127
2026-08-19T22:01:46.181Z,CoinbasePub,45704309,127
2026-08-19T22:02:46.213Z,QuickNodeEP1,45704338,127
2026-08-19T22:02:46.213Z,CoinbasePub,45704339,127
2026-08-19T22:03:46.522Z,QuickNodeEP1,45704369,127
2026-08-19T22:03:46.522Z,CoinbasePub,45704369,127
2026-08-19T22:04:46.258Z,QuickNodeEP1,45704398,127
2026-08-19T22:04:46.258Z,CoinbasePub,45704399,127
2026-08-19T22:05:46.820Z,QuickNodeEP1,45704429,127
2026-08-19T22:05:46.820Z,CoinbasePub,45704429,127
2026-08-19T22:06:46.718Z,QuickNodeEP1,45704459,127
2026-08-19T22:06:46.718Z,CoinbasePub,45704459,127
2026-08-19T22:07:46.319Z,QuickNodeEP1,45704488,127
2026-08-19T22:07:46.319Z,CoinbasePub,45704489,127
2026-08-19T22:08:46.411Z,QuickNodeEP1,45704518,127
2026-08-19T22:08:46.411Z,CoinbasePub,45704519,127
2026-08-19T22:09:46.242Z,QuickNodeEP1,45704548,127
2026-08-19T22:09:46.242Z,CoinbasePub,45704549,127
2026-08-19T22:10:46.858Z,QuickNodeEP1,45704579,127
2026-08-19T22:10:46.858Z,CoinbasePub,45704579,127
2026-08-19T22:11:46.579Z,QuickNodeEP1,45704609,127
2026-08-19T22:11:46.579Z,CoinbasePub,45704609,127
2026-08-19T22:12:46.328Z,QuickNodeEP1,45704638,127
2026-08-19T22:12:46.328Z,CoinbasePub,45704639,127
2026-08-19T22:13:46.880Z,QuickNodeEP1,45704669,127
2026-08-19T22:13:46.880Z,CoinbasePub,45704669,127
2026-08-19T22:14:46.635Z,QuickNodeEP1,45704699,127
2026-08-19T22:14:46.635Z,CoinbasePub,45704699,127
2026-08-19T22:15:46.311Z,QuickNodeEP1,45704728,127
2026-08-19T22:15:46.311Z,CoinbasePub,45704729,127
2026-08-19T22:16:46.370Z,QuickNodeEP1,45704758,127
2026-08-19T22:16:46.370Z,CoinbasePub,45704759,127
2026-08-19T22:17:46.666Z,QuickNodeEP1,45704788,127
2026-08-19T22:17:46.666Z,CoinbasePub,45704789,127
2026-08-19T22:18:46.889Z,QuickNodeEP1,45704819,127
2026-08-19T22:18:46.889Z,CoinbasePub,45704819,127
2026-08-19T22:19:46.318Z,QuickNodeEP1,45704848,127
2026-08-19T22:19:46.318Z,CoinbasePub,45704849,127
2026-08-19T22:20:46.922Z,QuickNodeEP1,45704879,127
2026-08-19T22:20:46.922Z,CoinbasePub,45704879,127
2026-08-19T22:21:46.720Z,QuickNodeEP1,45704909,127
2026-08-19T22:21:46.720Z,CoinbasePub,45704909,127
2026-08-19T22:22:46.328Z,QuickNodeEP1,45704938,127
2026-08-19T22:22:46.328Z,CoinbasePub,45704939,127
2026-08-19T22:23:46.903Z,QuickNodeEP1,45704969,127
2026-08-19T22:23:46.903Z,CoinbasePub,45704969,127
2026-08-19T22:24:47.051Z,QuickNodeEP1,45704999,127
2026-08-19T22:24:47.051Z,CoinbasePub,45704999,127
2026-08-19T22:25:46.865Z,QuickNodeEP1,45705029,127
2026-08-19T22:25:46.865Z,CoinbasePub,45705029,127
2026-08-19T22:26:46.397Z,QuickNodeEP1,45705059,127
2026-08-19T22:26:46.397Z,CoinbasePub,45705059,127
2026-08-19T22:27:46.413Z,QuickNodeEP1,45705088,127
2026-08-19T22:27:46.413Z,CoinbasePub,45705089,127
2026-08-19T22:28:46.381Z,QuickNodeEP1,45705118,127
2026-08-19T22:28:46.381Z,CoinbasePub,45705119,127
2026-08-19T22:29:47.000Z,QuickNodeEP1,45705149,127
2026-08-19T22:29:47.000Z,CoinbasePub,45705149,127
2026-08-19T22:30:47.033Z,QuickNodeEP1,45705179,127
2026-08-19T22:30:47.033Z,CoinbasePub,45705179,127
2026-08-19T22:31:47.049Z,QuickNodeEP1,45705209,127
2026-08-19T22:31:47.049Z,CoinbasePub,45705209,127
2026-08-19T22:32:46.908Z,QuickNodeEP1,45705239,127
2026-08-19T22:32:46.908Z,CoinbasePub,45705239,127
2026-08-19T22:33:47.029Z,QuickNodeEP1,45705269,127
2026-08-19T22:33:47.029Z,CoinbasePub,45705269,127
2026-08-19T22:34:46.821Z,QuickNodeEP1,45705299,127
2026-08-19T22:34:46.821Z,CoinbasePub,45705299,127
2026-08-19T22:35:46.482Z,QuickNodeEP1,45705329,127
2026-08-19T22:35:46.482Z,CoinbasePub,45705329,127
2026-08-19T22:36:47.022Z,QuickNodeEP1,45705359,127
2026-08-19T22:36:47.022Z,CoinbasePub,45705359,127
2026-08-21T15:06:32.699Z,QuickNodeEP1,45778252,127
2026-08-21T15:06:32.699Z,CoinbasePub,45778252,127
2026-08-21T15:07:34.019Z,QuickNodeEP1,45778282,127
2026-08-21T15:07:34.019Z,CoinbasePub,45778283,127
2026-08-21T15:08:33.539Z,QuickNodeEP1,45778312,127
2026-08-21T15:08:33.539Z,CoinbasePub,45778312,127
2026-08-21T15:09:34.107Z,QuickNodeEP1,45778342,127
2026-08-21T15:09:34.107Z,CoinbasePub,45778343,127
2026-08-21T15:10:34.064Z,QuickNodeEP1,45778372,127
2026-08-21T15:10:34.064Z,CoinbasePub,45778373,127
2026-08-21T21:31:39.984Z,QuickNodeEP1,45789805,HTTP 503
2026-08-21T21:31:39.984Z,CoinbasePub,45789806,HTTP 503
2026-08-21T21:32:40.793Z,QuickNodeEP1,45789836,127
2026-08-21T21:32:40.793Z,CoinbasePub,45789836,HTTP 503
2026-08-21T21:33:40.829Z,QuickNodeEP1,45789866,127
2026-08-21T21:33:40.829Z,CoinbasePub,45789866,HTTP 503
2026-08-21T21:34:40.983Z,QuickNodeEP1,45789896,127
2026-08-21T21:34:40.983Z,CoinbasePub,45789896,HTTP 503
2026-08-21T21:35:41.338Z,QuickNodeEP1,45789926,127
2026-08-21T21:35:41.338Z,CoinbasePub,45789926,127
2026-08-21T21:36:40.909Z,QuickNodeEP1,45789956,127
2026-08-21T21:36:40.909Z,CoinbasePub,45789956,127
2026-08-21T21:37:40.910Z,QuickNodeEP1,45789986,127
2026-08-21T21:37:40.910Z,CoinbasePub,45789986,127
2026-08-21T21:38:40.885Z,QuickNodeEP1,45790016,127
2026-08-21T21:38:40.885Z,CoinbasePub,45790016,127
2026-08-21T21:39:41.447Z,QuickNodeEP1,45790046,127
2026-08-21T21:39:41.447Z,CoinbasePub,45790046,127
2026-08-21T21:40:41.310Z,QuickNodeEP1,45790076,127
2026-08-21T21:40:41.310Z,CoinbasePub,45790076,HTTP 503
2026-08-21T21:41:40.991Z,QuickNodeEP1,45790106,127
2026-08-21T21:41:40.991Z,CoinbasePub,45790106,HTTP 503
2026-08-21T21:42:41.007Z,QuickNodeEP1,45790136,127
2026-08-21T21:42:41.007Z,CoinbasePub,45790136,HTTP 503
2026-08-21T21:43:41.000Z,QuickNodeEP1,45790166,127
2026-08-21T21:43:41.000Z,CoinbasePub,45790166,HTTP 503
2026-08-21T21:46:29.453Z,QuickNodeEP1,45790250,127
2026-08-21T21:46:29.453Z,CoinbasePub,45790250,127
2026-08-21T21:49:31.496Z,QuickNodeEP1,45790341,127
2026-08-21T21:49:31.496Z,CoinbasePub,45790341,127
2026-08-21T21:50:32.456Z,QuickNodeEP1,45790372,127
2026-08-21T21:50:32.456Z,CoinbasePub,45790372,127
2026-08-21T21:51:32.308Z,QuickNodeEP1,45790402,127
2026-08-21T21:51:32.308Z,CoinbasePub,45790402,127
2026-08-21T21:52:32.993Z,QuickNodeEP1,45790432,127
2026-08-21T21:52:32.993Z,CoinbasePub,45790432,127
2026-08-21T21:53:32.883Z,QuickNodeEP1,45790462,HTTP 503
2026-08-21T21:53:32.883Z,CoinbasePub,45790462,HTTP 503
2026-08-21T21:54:32.952Z,QuickNodeEP1,45790492,HTTP 503
2026-08-21T21:54:32.952Z,CoinbasePub,45790492,HTTP 503
2026-08-21T21:55:32.972Z,QuickNodeEP1,45790522,HTTP 503
2026-08-21T21:55:32.972Z,CoinbasePub,45790522,HTTP 503
2026-08-21T21:56:33.017Z,QuickNodeEP1,45790552,127
2026-08-21T21:56:33.017Z,CoinbasePub,45790552,127
2026-08-21T21:57:33.012Z,QuickNodeEP1,45790582,127
2026-08-21T21:57:33.012Z,CoinbasePub,45790582,127
2026-08-21T21:58:32.566Z,QuickNodeEP1,45790612,127
2026-08-21T21:58:32.566Z,CoinbasePub,45790612,127
2026-08-21T21:59:32.396Z,QuickNodeEP1,45790642,127
2026-08-21T21:59:32.396Z,CoinbasePub,45790642,127
2026-08-21T22:00:33.148Z,QuickNodeEP1,45790672,127
2026-08-21T22:00:33.148Z,CoinbasePub,45790672,127
2026-08-21T22:01:32.918Z,QuickNodeEP1,45790702,127
2026-08-21T22:01:32.918Z,CoinbasePub,45790702,127
2026-08-21T22:02:32.541Z,QuickNodeEP1,45790732,127
2026-08-21T22:02:32.541Z,CoinbasePub,45790732,127
2026-08-21T22:03:32.452Z,QuickNodeEP1,45790762,127
2026-08-21T22:03:32.452Z,CoinbasePub,45790762,127
2026-08-21T22:04:33.040Z,QuickNodeEP1,45790792,127
2026-08-21T22:04:33.040Z,CoinbasePub,45790792,127
2026-08-21T22:05:32.507Z,QuickNodeEP1,45790822,127
2026-08-21T22:05:32.507Z,CoinbasePub,45790822,127
2026-08-21T22:06:32.557Z,QuickNodeEP1,45790852,127
2026-08-21T22:06:32.557Z,CoinbasePub,45790852,127
2026-08-21T22:07:32.541Z,QuickNodeEP1,45790881,127
2026-08-21T22:07:32.541Z,CoinbasePub,45790882,127
2026-08-21T22:08:32.521Z,QuickNodeEP1,45790912,127
2026-08-21T22:08:32.521Z,CoinbasePub,45790912,127
2026-08-21T22:09:32.469Z,QuickNodeEP1,45790942,127
2026-08-21T22:09:32.469Z,CoinbasePub,45790942,127
2026-08-21T22:10:32.589Z,QuickNodeEP1,45790972,127
2026-08-21T22:10:32.589Z,CoinbasePub,45790972,HTTP 503
2026-08-21T22:11:32.693Z,QuickNodeEP1,45791002,127
2026-08-21T22:11:32.693Z,CoinbasePub,45791002,127
2026-08-21T22:12:32.494Z,QuickNodeEP1,45791032,127
2026-08-21T22:12:32.494Z,CoinbasePub,45791032,127
2026-08-21T22:13:33.112Z,QuickNodeEP1,45791062,127
2026-08-21T22:13:33.112Z,CoinbasePub,45791062,127
2026-08-21T22:14:33.037Z,QuickNodeEP1,45791092,HTTP 503
2026-08-21T22:14:33.037Z,CoinbasePub,45791092,HTTP 503
2026-08-21T22:15:32.543Z,QuickNodeEP1,45791122,127
2026-08-21T22:15:32.543Z,CoinbasePub,45791122,HTTP 503
2026-08-21T22:16:32.582Z,QuickNodeEP1,45791152,127
2026-08-21T22:16:32.582Z,CoinbasePub,45791152,HTTP 503
2026-08-21T22:17:33.268Z,QuickNodeEP1,45791182,HTTP 503
2026-08-21T22:17:33.268Z,CoinbasePub,45791182,HTTP 503
2026-08-21T22:18:33.188Z,QuickNodeEP1,45791212,127
2026-08-21T22:18:33.188Z,CoinbasePub,45791212,127
2026-08-21T22:19:32.703Z,QuickNodeEP1,45791242,127
2026-08-21T22:19:32.703Z,CoinbasePub,45791242,127
2026-08-21T22:20:33.215Z,QuickNodeEP1,45791272,HTTP 503
2026-08-21T22:20:33.215Z,CoinbasePub,45791272,HTTP 503
2026-08-21T22:21:32.692Z,QuickNodeEP1,45791302,127
2026-08-21T22:21:32.692Z,CoinbasePub,45791302,HTTP 503
2026-08-21T22:22:32.714Z,QuickNodeEP1,45791332,127
2026-08-21T22:22:32.714Z,CoinbasePub,45791332,HTTP 503
2026-08-21T22:23:32.847Z,QuickNodeEP1,45791362,127
2026-08-21T22:23:32.847Z,CoinbasePub,45791362,HTTP 503
2026-08-21T22:24:32.763Z,QuickNodeEP1,45791392,127
2026-08-21T22:24:32.763Z,CoinbasePub,45791392,HTTP 503
2026-08-21T22:25:33.262Z,QuickNodeEP1,45791422,127
2026-08-21T22:25:33.262Z,CoinbasePub,45791422,127
2026-08-21T22:26:33.184Z,QuickNodeEP1,45791452,127
2026-08-21T22:26:33.184Z,CoinbasePub,45791452,127
2026-08-21T22:27:33.192Z,QuickNodeEP1,45791482,127
2026-08-21T22:27:33.192Z,CoinbasePub,45791482,127
2026-08-21T22:28:32.746Z,QuickNodeEP1,45791512,127
2026-08-21T22:28:32.746Z,CoinbasePub,45791512,127
2026-08-21T22:29:32.846Z,QuickNodeEP1,45791542,127
2026-08-21T22:29:32.846Z,CoinbasePub,45791542,127
2026-08-21T22:30:32.760Z,QuickNodeEP1,45791572,127
2026-08-21T22:30:32.760Z,CoinbasePub,45791572,HTTP 503
2026-08-21T22:31:32.735Z,QuickNodeEP1,45791602,127
2026-08-21T22:31:32.735Z,CoinbasePub,45791602,HTTP 503
2026-08-21T22:32:32.734Z,QuickNodeEP1,45791632,127
2026-08-21T22:32:32.734Z,CoinbasePub,45791632,HTTP 503
2026-08-21T22:33:33.299Z,QuickNodeEP1,45791662,HTTP 503
2026-08-21T22:33:33.299Z,CoinbasePub,45791662,HTTP 503
2026-08-21T22:34:32.904Z,QuickNodeEP1,45791692,127
2026-08-21T22:34:32.904Z,CoinbasePub,45791692,HTTP 503
2026-08-21T22:35:32.757Z,QuickNodeEP1,45791722,127
2026-08-21T22:35:32.757Z,CoinbasePub,45791722,127
2026-08-21T22:36:33.013Z,QuickNodeEP1,45791752,127
2026-08-21T22:36:33.013Z,CoinbasePub,45791752,127
2026-08-21T22:37:32.755Z,QuickNodeEP1,45791782,127
2026-08-21T22:37:32.755Z,CoinbasePub,45791782,127
2026-08-21T22:38:32.863Z,QuickNodeEP1,45791812,127
2026-08-21T22:38:32.863Z,CoinbasePub,45791812,127
2026-08-21T22:39:32.862Z,QuickNodeEP1,45791842,127
2026-08-21T22:39:32.862Z,CoinbasePub,45791842,127
2026-08-21T22:40:32.763Z,QuickNodeEP1,45791872,127
2026-08-21T22:40:32.763Z,CoinbasePub,45791872,HTTP 503
2026-08-21T22:41:32.759Z,QuickNodeEP1,45791901,HTTP 503
2026-08-21T22:41:32.759Z,CoinbasePub,45791901,HTTP 503
2026-08-21T22:42:33.400Z,QuickNodeEP1,45791932,HTTP 503
2026-08-21T22:42:33.400Z,CoinbasePub,45791932,HTTP 503
2026-08-21T22:43:33.317Z,QuickNodeEP1,45791962,HTTP 503
2026-08-21T22:43:33.317Z,CoinbasePub,45791962,HTTP 503
2026-08-21T22:44:33.469Z,QuickNodeEP1,45791992,HTTP 503
2026-08-21T22:44:33.469Z,CoinbasePub,45791992,HTTP 503
2026-08-21T22:45:33.431Z,QuickNodeEP1,45792022,127
2026-08-21T22:45:33.431Z,CoinbasePub,45792022,127
2026-08-21T22:46:32.861Z,QuickNodeEP1,45792052,127
2026-08-21T22:46:32.861Z,CoinbasePub,45792052,127
2026-08-21T22:47:33.439Z,QuickNodeEP1,45792082,127
2026-08-21T22:47:33.439Z,CoinbasePub,45792082,127
2026-08-21T22:48:32.912Z,QuickNodeEP1,45792112,127
2026-08-21T22:48:32.912Z,CoinbasePub,45792112,127
2026-08-21T22:49:33.034Z,QuickNodeEP1,45792142,127
2026-08-21T22:49:33.034Z,CoinbasePub,45792142,127
2026-08-21T22:50:33.584Z,QuickNodeEP1,45792172,127
2026-08-21T22:50:33.584Z,CoinbasePub,45792172,127
2026-08-21T22:51:33.322Z,QuickNodeEP1,45792202,127
2026-08-21T22:51:33.322Z,CoinbasePub,45792202,127
2026-08-21T22:52:33.030Z,QuickNodeEP1,45792232,127
2026-08-21T22:52:33.030Z,CoinbasePub,45792232,127
2026-08-21T22:53:33.531Z,QuickNodeEP1,45792262,127
2026-08-21T22:53:33.531Z,CoinbasePub,45792262,127
2026-08-21T22:54:33.272Z,QuickNodeEP1,45792292,127
2026-08-21T22:54:33.272Z,CoinbasePub,45792292,127
2026-08-21T22:55:33.011Z,QuickNodeEP1,45792322,127
2026-08-21T22:55:33.011Z,CoinbasePub,45792322,HTTP 503
2026-08-21T22:56:33.630Z,QuickNodeEP1,45792352,HTTP 503
2026-08-21T22:56:33.630Z,CoinbasePub,45792352,HTTP 503
2026-08-21T22:57:33.685Z,QuickNodeEP1,45792382,HTTP 503
2026-08-21T22:57:33.685Z,CoinbasePub,45792382,HTTP 503
2026-08-21T22:58:33.567Z,QuickNodeEP1,45792412,127
2026-08-21T22:58:33.567Z,CoinbasePub,45792412,127
2026-08-21T22:59:33.227Z,QuickNodeEP1,45792442,127
2026-08-21T22:59:33.227Z,CoinbasePub,45792442,127
2026-08-21T23:00:33.662Z,QuickNodeEP1,45792472,127
2026-08-21T23:00:33.662Z,CoinbasePub,45792472,127
2026-08-21T23:01:33.627Z,QuickNodeEP1,45792502,HTTP 503
2026-08-21T23:01:33.627Z,CoinbasePub,45792502,HTTP 503
2026-08-21T23:02:33.078Z,QuickNodeEP1,45792532,127
2026-08-21T23:02:33.078Z,CoinbasePub,45792532,HTTP 503
2026-08-21T23:03:33.093Z,QuickNodeEP1,45792562,127
2026-08-21T23:03:33.093Z,CoinbasePub,45792562,HTTP 503
2026-08-21T23:04:33.056Z,QuickNodeEP1,45792592,127
2026-08-21T23:04:33.056Z,CoinbasePub,45792592,HTTP 503
2026-08-21T23:05:33.209Z,QuickNodeEP1,45792622,127
2026-08-21T23:05:33.209Z,CoinbasePub,45792622,HTTP 503
2026-08-21T23:06:33.236Z,QuickNodeEP1,45792652,127
2026-08-21T23:06:33.236Z,CoinbasePub,45792652,127
2026-08-21T23:07:33.260Z,QuickNodeEP1,45792682,127
2026-08-21T23:07:33.260Z,CoinbasePub,45792682,127
2026-08-21T23:08:33.894Z,QuickNodeEP1,45792712,127
2026-08-21T23:08:33.894Z,CoinbasePub,45792712,127
2026-08-21T23:09:33.540Z,QuickNodeEP1,45792742,127
2026-08-21T23:09:33.540Z,CoinbasePub,45792742,127
2026-08-21T23:10:33.154Z,QuickNodeEP1,45792772,127
2026-08-21T23:10:33.154Z,CoinbasePub,45792772,HTTP 503
2026-08-21T23:11:33.216Z,QuickNodeEP1,45792802,127
2026-08-21T23:11:33.216Z,CoinbasePub,45792802,127
2026-08-21T23:12:33.817Z,QuickNodeEP1,45792832,127
2026-08-21T23:12:33.817Z,CoinbasePub,45792832,127
2026-08-21T23:13:34.031Z,QuickNodeEP1,45792862,HTTP 503
2026-08-21T23:13:34.031Z,CoinbasePub,45792863,HTTP 503
2026-08-21T23:14:33.396Z,QuickNodeEP1,45792892,127
2026-08-21T23:14:33.396Z,CoinbasePub,45792892,HTTP 503
2026-08-21T23:15:33.790Z,QuickNodeEP1,45792922,HTTP 503
2026-08-21T23:15:33.790Z,CoinbasePub,45792922,127
2026-08-21T23:16:33.724Z,QuickNodeEP1,45792952,127
2026-08-21T23:16:33.724Z,CoinbasePub,45792952,127
2026-08-21T23:17:33.799Z,QuickNodeEP1,45792982,127
2026-08-21T23:17:33.799Z,CoinbasePub,45792982,127
2026-08-21T23:18:33.512Z,QuickNodeEP1,45793012,127
2026-08-21T23:18:33.512Z,CoinbasePub,45793012,127
2026-08-21T23:19:33.302Z,QuickNodeEP1,45793042,127
2026-08-21T23:19:33.302Z,CoinbasePub,45793042,127
2026-08-21T23:20:33.420Z,QuickNodeEP1,45793072,127
2026-08-21T23:20:33.420Z,CoinbasePub,45793072,127
2026-08-21T23:21:33.431Z,QuickNodeEP1,45793102,127
2026-08-21T23:21:33.431Z,CoinbasePub,45793102,HTTP 503
2026-08-21T23:22:33.237Z,QuickNodeEP1,45793132,127
2026-08-21T23:22:33.237Z,CoinbasePub,45793132,HTTP 503
2026-08-21T23:23:33.488Z,QuickNodeEP1,45793162,127
2026-08-21T23:23:33.488Z,CoinbasePub,45793162,HTTP 503
2026-08-21T23:24:33.839Z,QuickNodeEP1,45793192,HTTP 503
2026-08-21T23:24:33.839Z,CoinbasePub,45793192,HTTP 503
2026-08-21T23:25:34.141Z,QuickNodeEP1,45793222,127
2026-08-21T23:25:34.141Z,CoinbasePub,45793223,127
2026-08-21T23:26:33.393Z,QuickNodeEP1,45793252,127
2026-08-21T23:26:33.393Z,CoinbasePub,45793252,127
2026-08-21T23:27:33.617Z,QuickNodeEP1,45793282,127
2026-08-21T23:27:33.617Z,CoinbasePub,45793282,127
2026-08-21T23:28:33.850Z,QuickNodeEP1,45793312,127
2026-08-21T23:28:33.850Z,CoinbasePub,45793312,127
2026-08-21T23:29:33.362Z,QuickNodeEP1,45793342,127
2026-08-21T23:29:33.362Z,CoinbasePub,45793342,127
2026-08-21T23:30:33.404Z,QuickNodeEP1,45793372,127
2026-08-21T23:30:33.404Z,CoinbasePub,45793372,127
2026-08-21T23:31:33.391Z,QuickNodeEP1,45793402,127
2026-08-21T23:31:33.391Z,CoinbasePub,45793402,HTTP 503
2026-08-21T23:32:33.421Z,QuickNodeEP1,45793432,127
2026-08-21T23:32:33.421Z,CoinbasePub,45793432,HTTP 503
2026-08-21T23:33:34.073Z,QuickNodeEP1,45793462,HTTP 503
2026-08-21T23:33:34.073Z,CoinbasePub,45793463,HTTP 503
2026-08-21T23:34:34.078Z,QuickNodeEP1,45793492,HTTP 503
2026-08-21T23:34:34.078Z,CoinbasePub,45793493,HTTP 503
2026-08-21T23:35:33.548Z,QuickNodeEP1,45793522,127
2026-08-21T23:35:33.548Z,CoinbasePub,45793522,127
2026-08-21T23:36:33.603Z,QuickNodeEP1,45793552,127
2026-08-21T23:36:33.603Z,CoinbasePub,45793552,127
2026-08-21T23:37:34.053Z,QuickNodeEP1,45793582,127
2026-08-21T23:37:34.053Z,CoinbasePub,45793583,127
2026-08-21T23:38:34.102Z,QuickNodeEP1,45793612,127
2026-08-21T23:38:34.102Z,CoinbasePub,45793613,127
2026-08-21T23:39:34.079Z,QuickNodeEP1,45793642,127
2026-08-21T23:39:34.079Z,CoinbasePub,45793643,127
2026-08-21T23:40:34.123Z,QuickNodeEP1,45793672,127
2026-08-21T23:40:34.123Z,CoinbasePub,45793673,127
2026-08-21T23:41:33.501Z,QuickNodeEP1,45793702,127
2026-08-21T23:41:33.501Z,CoinbasePub,45793702,HTTP 503
2026-08-21T23:42:33.515Z,QuickNodeEP1,45793732,127
2026-08-21T23:42:33.515Z,CoinbasePub,45793732,HTTP 503
2026-08-21T23:43:34.190Z,QuickNodeEP1,45793762,HTTP 503
2026-08-21T23:43:34.190Z,CoinbasePub,45793763,HTTP 503
2026-08-21T23:44:34.140Z,QuickNodeEP1,45793792,127
2026-08-21T23:44:34.140Z,CoinbasePub,45793793,127
2026-08-21T23:45:34.086Z,QuickNodeEP1,45793822,127
2026-08-21T23:45:34.086Z,CoinbasePub,45793823,127
2026-08-21T23:46:34.130Z,QuickNodeEP1,45793852,HTTP 503
2026-08-21T23:46:34.130Z,CoinbasePub,45793853,HTTP 503
2026-08-21T23:47:34.107Z,QuickNodeEP1,45793882,127
2026-08-21T23:47:34.107Z,CoinbasePub,45793883,127
2026-08-21T23:48:34.154Z,QuickNodeEP1,45793912,127
2026-08-21T23:48:34.154Z,CoinbasePub,45793913,127
2026-08-21T23:49:34.304Z,QuickNodeEP1,45793942,127
2026-08-21T23:49:34.304Z,CoinbasePub,45793943,127
2026-08-21T23:50:34.078Z,QuickNodeEP1,45793972,127
2026-08-21T23:50:34.078Z,CoinbasePub,45793973,127
2026-08-21T23:51:33.624Z,QuickNodeEP1,45794002,127
2026-08-21T23:51:33.624Z,CoinbasePub,45794002,127
2026-08-21T23:52:33.547Z,QuickNodeEP1,45794032,127
2026-08-21T23:52:33.547Z,CoinbasePub,45794032,127
2026-08-21T23:53:33.739Z,QuickNodeEP1,45794062,127
2026-08-21T23:53:33.739Z,CoinbasePub,45794062,127
2026-08-21T23:54:33.579Z,QuickNodeEP1,45794092,127
2026-08-21T23:54:33.579Z,CoinbasePub,45794092,127
2026-08-21T23:55:33.650Z,QuickNodeEP1,45794122,127
2026-08-21T23:55:33.650Z,CoinbasePub,45794122,127
2026-08-21T23:56:33.564Z,QuickNodeEP1,45794152,127
2026-08-21T23:56:33.564Z,CoinbasePub,45794152,127
2026-08-21T23:57:33.638Z,QuickNodeEP1,45794182,127
2026-08-21T23:57:33.638Z,CoinbasePub,45794182,127
2026-08-21T23:58:33.619Z,QuickNodeEP1,45794212,127
2026-08-21T23:58:33.619Z,CoinbasePub,45794212,127
2026-08-21T23:59:33.644Z,QuickNodeEP1,45794242,127
2026-08-21T23:59:33.644Z,CoinbasePub,45794242,127
2026-08-22T00:00:33.697Z,QuickNodeEP1,45794272,127
2026-08-22T00:00:33.697Z,CoinbasePub,45794272,127
2026-08-22T00:01:34.271Z,QuickNodeEP1,45794302,127
2026-08-22T00:01:34.271Z,CoinbasePub,45794303,127
2026-08-22T00:02:34.232Z,QuickNodeEP1,45794332,127
2026-08-22T00:02:34.232Z,CoinbasePub,45794333,127
2026-08-22T00:03:34.156Z,QuickNodeEP1,45794362,HTTP 503
2026-08-22T00:03:34.156Z,CoinbasePub,45794363,HTTP 503
2026-08-22T00:04:34.140Z,QuickNodeEP1,45794392,HTTP 503
2026-08-22T00:04:34.140Z,CoinbasePub,45794393,HTTP 503
2026-08-22T00:05:33.667Z,QuickNodeEP1,45794422,127
2026-08-22T00:05:33.667Z,CoinbasePub,45794422,127
2026-08-22T00:06:33.820Z,QuickNodeEP1,45794452,127
2026-08-22T00:06:33.820Z,CoinbasePub,45794452,127
2026-08-22T00:07:34.375Z,QuickNodeEP1,45794482,127
2026-08-22T00:07:34.375Z,CoinbasePub,45794483,127
2026-08-22T00:08:34.195Z,QuickNodeEP1,45794512,127
2026-08-22T00:08:34.195Z,CoinbasePub,45794513,127
2026-08-22T00:09:33.765Z,QuickNodeEP1,45794542,127
2026-08-22T00:09:33.765Z,CoinbasePub,45794542,127
2026-08-22T00:10:33.737Z,QuickNodeEP1,45794572,127
2026-08-22T00:10:33.737Z,CoinbasePub,45794572,127
2026-08-22T00:11:33.727Z,QuickNodeEP1,45794602,127
2026-08-22T00:11:33.727Z,CoinbasePub,45794602,127
2026-08-22T00:12:33.966Z,QuickNodeEP1,45794632,127
2026-08-22T00:12:33.966Z,CoinbasePub,45794633,127
2026-08-22T00:13:34.365Z,QuickNodeEP1,45794662,127
2026-08-22T00:13:34.365Z,CoinbasePub,45794663,127
2026-08-22T00:14:34.368Z,QuickNodeEP1,45794692,127
2026-08-22T00:14:34.368Z,CoinbasePub,45794693,127
2026-08-22T00:15:33.950Z,QuickNodeEP1,45794722,127
2026-08-22T00:15:33.950Z,CoinbasePub,45794723,127
2026-08-22T00:16:33.771Z,QuickNodeEP1,45794752,127
2026-08-22T00:16:33.771Z,CoinbasePub,45794752,127
2026-08-22T00:17:33.761Z,QuickNodeEP1,45794782,127
2026-08-22T00:17:33.761Z,CoinbasePub,45794782,127
2026-08-22T00:18:33.748Z,QuickNodeEP1,45794812,127
2026-08-22T00:18:33.748Z,CoinbasePub,45794812,127
2026-08-22T00:19:33.916Z,QuickNodeEP1,45794842,127
2026-08-22T00:19:33.916Z,CoinbasePub,45794842,127
2026-08-22T00:20:33.874Z,QuickNodeEP1,45794872,127
2026-08-22T00:20:33.874Z,CoinbasePub,45794872,127
2026-08-22T00:21:34.399Z,QuickNodeEP1,45794902,127
2026-08-22T00:21:34.399Z,CoinbasePub,45794903,127
2026-08-22T00:22:34.354Z,QuickNodeEP1,45794932,127
2026-08-22T00:22:34.354Z,CoinbasePub,45794933,127
2026-08-22T00:23:34.365Z,QuickNodeEP1,45794962,127
2026-08-22T00:23:34.365Z,CoinbasePub,45794963,127
2026-08-22T00:24:34.485Z,QuickNodeEP1,45794992,127
2026-08-22T00:24:34.485Z,CoinbasePub,45794993,127
2026-08-22T00:25:34.632Z,QuickNodeEP1,45795022,127
2026-08-22T00:25:34.632Z,CoinbasePub,45795023,127
2026-08-22T00:26:34.405Z,QuickNodeEP1,45795052,127
2026-08-22T00:26:34.405Z,CoinbasePub,45795053,127
2026-08-22T00:27:33.981Z,QuickNodeEP1,45795082,127
2026-08-22T00:27:33.981Z,CoinbasePub,45795082,127
2026-08-22T00:28:34.241Z,QuickNodeEP1,45795112,127
2026-08-22T00:28:34.241Z,CoinbasePub,45795113,127
2026-08-22T00:29:33.857Z,QuickNodeEP1,45795142,127
2026-08-22T00:29:33.857Z,CoinbasePub,45795142,127
2026-08-22T00:30:33.950Z,QuickNodeEP1,45795172,127
2026-08-22T00:30:33.950Z,CoinbasePub,45795173,127
2026-08-22T00:31:33.884Z,QuickNodeEP1,45795202,127
2026-08-22T00:31:33.884Z,CoinbasePub,45795202,127
2026-08-22T00:32:34.635Z,QuickNodeEP1,45795232,127
2026-08-22T00:32:34.635Z,CoinbasePub,45795233,127
2026-08-22T00:33:34.411Z,QuickNodeEP1,45795262,127
2026-08-22T00:33:34.411Z,CoinbasePub,45795263,127
2026-08-22T00:34:33.928Z,QuickNodeEP1,45795292,127
2026-08-22T00:34:33.928Z,CoinbasePub,45795293,127
2026-08-22T00:35:33.978Z,QuickNodeEP1,45795322,127
2026-08-22T00:35:33.978Z,CoinbasePub,45795323,127
2026-08-22T00:36:34.143Z,QuickNodeEP1,45795352,127
2026-08-22T00:36:34.143Z,CoinbasePub,45795353,127
2026-08-22T00:37:33.956Z,QuickNodeEP1,45795382,127
2026-08-22T00:37:33.956Z,CoinbasePub,45795382,127
2026-08-22T00:38:34.050Z,QuickNodeEP1,45795412,127
2026-08-22T00:38:34.050Z,CoinbasePub,45795413,127
2026-08-22T00:39:34.046Z,QuickNodeEP1,45795442,127
2026-08-22T00:39:34.046Z,CoinbasePub,45795442,HTTP 503
2026-08-22T00:40:34.031Z,QuickNodeEP1,45795472,127
2026-08-22T00:40:34.031Z,CoinbasePub,45795473,HTTP 503
2026-08-22T00:41:34.174Z,QuickNodeEP1,45795502,127
2026-08-22T00:41:34.174Z,CoinbasePub,45795503,HTTP 503
2026-08-22T00:42:34.100Z,QuickNodeEP1,45795532,127
2026-08-22T00:42:34.100Z,CoinbasePub,45795533,HTTP 503
2026-08-22T00:43:34.063Z,QuickNodeEP1,45795562,127
2026-08-22T00:43:34.063Z,CoinbasePub,45795563,HTTP 503
2026-08-22T00:44:34.061Z,QuickNodeEP1,45795592,127
2026-08-22T00:44:34.061Z,CoinbasePub,45795593,HTTP 503
2026-08-22T00:45:34.227Z,QuickNodeEP1,45795622,127
2026-08-22T00:45:34.227Z,CoinbasePub,45795623,127
2026-08-22T00:46:34.099Z,QuickNodeEP1,45795652,127
2026-08-22T00:46:34.099Z,CoinbasePub,45795652,127
2026-08-22T00:47:34.078Z,QuickNodeEP1,45795682,127
2026-08-22T00:47:34.078Z,CoinbasePub,45795683,HTTP 503
2026-08-22T00:48:34.059Z,QuickNodeEP1,45795712,127
2026-08-22T00:48:34.059Z,CoinbasePub,45795713,HTTP 503
2026-08-22T00:49:34.127Z,QuickNodeEP1,45795742,127
2026-08-22T00:49:34.127Z,CoinbasePub,45795743,127
2026-08-22T00:50:34.036Z,QuickNodeEP1,45795772,127
2026-08-22T00:50:34.036Z,CoinbasePub,45795773,HTTP 503
2026-08-22T00:51:34.580Z,QuickNodeEP1,45795802,127
2026-08-22T00:51:34.580Z,CoinbasePub,45795803,127
2026-08-22T00:52:34.521Z,QuickNodeEP1,45795833,127
2026-08-22T00:52:34.521Z,CoinbasePub,45795833,127
2026-08-22T00:53:34.161Z,QuickNodeEP1,45795862,127
2026-08-22T00:53:34.161Z,CoinbasePub,45795863,127
2026-08-22T00:54:34.243Z,QuickNodeEP1,45795892,127
2026-08-22T00:54:34.243Z,CoinbasePub,45795893,127
2026-08-22T00:55:34.121Z,QuickNodeEP1,45795922,127
2026-08-22T00:55:34.121Z,CoinbasePub,45795923,HTTP 503
2026-08-22T00:56:34.636Z,QuickNodeEP1,45795953,HTTP 503
2026-08-22T00:56:34.636Z,CoinbasePub,45795953,HTTP 503
2026-08-22T00:57:34.680Z,QuickNodeEP1,45795983,HTTP 503
2026-08-22T00:57:34.680Z,CoinbasePub,45795983,HTTP 503
2026-08-22T00:58:34.733Z,QuickNodeEP1,45796013,127
2026-08-22T00:58:34.733Z,CoinbasePub,45796013,HTTP 503
2026-08-22T00:59:34.742Z,QuickNodeEP1,45796043,127
2026-08-22T00:59:34.742Z,CoinbasePub,45796043,127
2026-08-22T01:00:34.348Z,QuickNodeEP1,45796073,127
2026-08-22T01:00:34.348Z,CoinbasePub,45796073,HTTP 503
2026-08-22T01:01:34.502Z,QuickNodeEP1,45796102,127
2026-08-22T01:01:34.502Z,CoinbasePub,45796103,127
2026-08-22T01:02:34.742Z,QuickNodeEP1,45796133,127
2026-08-22T01:02:34.742Z,CoinbasePub,45796133,127
2026-08-22T01:03:34.217Z,QuickNodeEP1,45796162,127
2026-08-22T01:03:34.217Z,CoinbasePub,45796163,127
2026-08-22T01:04:34.547Z,QuickNodeEP1,45796192,HTTP 503
2026-08-22T01:04:34.547Z,CoinbasePub,45796193,HTTP 503
2026-08-22T01:05:34.743Z,QuickNodeEP1,45796223,HTTP 503
2026-08-22T01:05:34.743Z,CoinbasePub,45796223,HTTP 503
2026-08-22T01:06:34.304Z,QuickNodeEP1,45796252,127
2026-08-22T01:06:34.304Z,CoinbasePub,45796253,HTTP 503
2026-08-22T01:07:34.297Z,QuickNodeEP1,45796282,127
2026-08-22T01:07:34.297Z,CoinbasePub,45796283,HTTP 503
2026-08-22T01:08:34.215Z,QuickNodeEP1,45796312,127
2026-08-22T01:08:34.215Z,CoinbasePub,45796313,127
2026-08-22T01:09:34.241Z,QuickNodeEP1,45796342,127
2026-08-22T01:09:34.241Z,CoinbasePub,45796343,127
2026-08-22T01:10:34.330Z,QuickNodeEP1,45796372,127
2026-08-22T01:10:34.330Z,CoinbasePub,45796373,127
2026-08-22T01:11:34.204Z,QuickNodeEP1,45796402,127
2026-08-22T01:11:34.204Z,CoinbasePub,45796403,HTTP 503
2026-08-22T01:12:34.295Z,QuickNodeEP1,45796432,127
2026-08-22T01:12:34.295Z,CoinbasePub,45796433,HTTP 503
2026-08-22T01:13:34.231Z,QuickNodeEP1,45796462,HTTP 503
2026-08-22T01:13:34.231Z,CoinbasePub,45796463,HTTP 503
2026-08-22T01:14:34.361Z,QuickNodeEP1,45796493,127
2026-08-22T01:14:34.361Z,CoinbasePub,45796493,HTTP 503
2026-08-22T01:15:34.376Z,QuickNodeEP1,45796522,127
2026-08-22T01:15:34.376Z,CoinbasePub,45796523,HTTP 503
2026-08-22T01:16:34.442Z,QuickNodeEP1,45796553,127
2026-08-22T01:16:34.442Z,CoinbasePub,45796553,HTTP 503
2026-08-22T01:17:34.306Z,QuickNodeEP1,45796582,127
2026-08-22T01:17:34.306Z,CoinbasePub,45796583,127
2026-08-22T01:18:34.327Z,QuickNodeEP1,45796613,127
2026-08-22T01:18:34.327Z,CoinbasePub,45796613,127
2026-08-22T01:19:34.292Z,QuickNodeEP1,45796643,127
2026-08-22T01:19:34.292Z,CoinbasePub,45796643,127
2026-08-22T01:20:34.456Z,QuickNodeEP1,45796673,127
2026-08-22T01:20:34.456Z,CoinbasePub,45796673,HTTP 503
2026-08-22T01:21:34.318Z,QuickNodeEP1,45796702,127
2026-08-22T01:21:34.318Z,CoinbasePub,45796703,127
2026-08-22T01:22:34.507Z,QuickNodeEP1,45796732,127
2026-08-22T01:22:34.507Z,CoinbasePub,45796733,127
2026-08-22T01:23:34.446Z,QuickNodeEP1,45796763,127
2026-08-22T01:23:34.446Z,CoinbasePub,45796763,HTTP 503
2026-08-22T01:24:34.399Z,QuickNodeEP1,45796793,127
2026-08-22T01:24:34.399Z,CoinbasePub,45796793,HTTP 503
2026-08-22T01:25:34.416Z,QuickNodeEP1,45796823,127
2026-08-22T01:25:34.416Z,CoinbasePub,45796823,HTTP 503
2026-08-22T01:26:34.355Z,QuickNodeEP1,45796853,127
2026-08-22T01:26:34.355Z,CoinbasePub,45796853,HTTP 503
2026-08-22T01:27:34.361Z,QuickNodeEP1,45796883,127
2026-08-22T01:27:34.361Z,CoinbasePub,45796883,127
2026-08-22T01:28:34.505Z,QuickNodeEP1,45796913,127
2026-08-22T01:28:34.505Z,CoinbasePub,45796913,127
2026-08-22T01:29:34.361Z,QuickNodeEP1,45796943,127
2026-08-22T01:29:34.361Z,CoinbasePub,45796943,127
2026-08-22T01:30:34.962Z,QuickNodeEP1,45796973,127
2026-08-22T01:30:34.962Z,CoinbasePub,45796973,127
2026-08-22T01:31:35.037Z,QuickNodeEP1,45797003,127
2026-08-22T01:31:35.037Z,CoinbasePub,45797003,127
2026-08-22T01:32:34.899Z,QuickNodeEP1,45797033,127
2026-08-22T01:32:34.899Z,CoinbasePub,45797033,127
2026-08-22T01:33:34.957Z,QuickNodeEP1,45797063,127
2026-08-22T01:33:34.957Z,CoinbasePub,45797063,127
2026-08-22T01:34:34.526Z,QuickNodeEP1,45797093,127
2026-08-22T01:34:34.526Z,CoinbasePub,45797093,127
2026-08-22T01:35:34.416Z,QuickNodeEP1,45797123,127
2026-08-22T01:35:34.416Z,CoinbasePub,45797123,127
2026-08-22T01:36:34.401Z,QuickNodeEP1,45797153,127
2026-08-22T01:36:34.401Z,CoinbasePub,45797153,HTTP 503
2026-08-22T01:37:34.464Z,QuickNodeEP1,45797183,127
2026-08-22T01:37:34.464Z,CoinbasePub,45797183,HTTP 503
2026-08-22T01:38:34.986Z,QuickNodeEP1,45797213,HTTP 503
2026-08-22T01:38:34.986Z,CoinbasePub,45797213,HTTP 503
2026-08-22T01:39:35.033Z,QuickNodeEP1,45797243,HTTP 503
2026-08-22T01:39:35.033Z,CoinbasePub,45797243,HTTP 503
2026-08-22T01:40:34.960Z,QuickNodeEP1,45797273,HTTP 503
2026-08-22T01:40:34.960Z,CoinbasePub,45797273,HTTP 503
2026-08-22T01:41:34.559Z,QuickNodeEP1,45797303,127
2026-08-22T01:41:34.559Z,CoinbasePub,45797303,HTTP 503
2026-08-22T01:42:34.453Z,QuickNodeEP1,45797333,127
2026-08-22T01:42:34.453Z,CoinbasePub,45797333,HTTP 503
2026-08-22T01:43:35.067Z,QuickNodeEP1,45797363,HTTP 503
2026-08-22T01:43:35.067Z,CoinbasePub,45797363,HTTP 503
2026-08-22T01:44:35.030Z,QuickNodeEP1,45797393,HTTP 503
2026-08-22T01:44:35.030Z,CoinbasePub,45797393,HTTP 503
2026-08-22T01:45:35.200Z,QuickNodeEP1,45797423,HTTP 503
2026-08-22T01:45:35.200Z,CoinbasePub,45797423,HTTP 503
2026-08-22T01:46:35.121Z,QuickNodeEP1,45797453,HTTP 503
2026-08-22T01:46:35.121Z,CoinbasePub,45797453,HTTP 503
2026-08-22T01:47:34.523Z,QuickNodeEP1,45797483,127
2026-08-22T01:47:34.523Z,CoinbasePub,45797483,HTTP 503
2026-08-22T01:48:34.483Z,QuickNodeEP1,45797513,127
2026-08-22T01:48:34.483Z,CoinbasePub,45797513,HTTP 503
2026-08-22T01:49:34.626Z,QuickNodeEP1,45797543,127
2026-08-22T01:49:34.626Z,CoinbasePub,45797543,HTTP 503
2026-08-22T01:50:34.813Z,QuickNodeEP1,45797573,HTTP 503
2026-08-22T01:50:34.813Z,CoinbasePub,45797573,HTTP 503
2026-08-22T01:51:34.627Z,QuickNodeEP1,45797603,127
2026-08-22T01:51:34.627Z,CoinbasePub,45797603,127
2026-08-22T01:52:34.577Z,QuickNodeEP1,45797633,127
2026-08-22T01:52:34.577Z,CoinbasePub,45797633,127
2026-08-22T01:53:35.215Z,QuickNodeEP1,45797663,127
2026-08-22T01:53:35.215Z,CoinbasePub,45797663,127
2026-08-22T01:54:35.166Z,QuickNodeEP1,45797693,127
2026-08-22T01:54:35.166Z,CoinbasePub,45797693,127
2026-08-22T01:55:35.132Z,QuickNodeEP1,45797723,127
2026-08-22T01:55:35.132Z,CoinbasePub,45797723,127
2026-08-22T01:56:35.285Z,QuickNodeEP1,45797753,127
2026-08-22T01:56:35.285Z,CoinbasePub,45797753,127
2026-08-22T01:57:34.678Z,QuickNodeEP1,45797783,127
2026-08-22T01:57:34.678Z,CoinbasePub,45797783,127
2026-08-22T01:58:35.216Z,QuickNodeEP1,45797813,127
2026-08-22T01:58:35.216Z,CoinbasePub,45797813,127
2026-08-22T01:59:35.246Z,QuickNodeEP1,45797843,127
2026-08-22T01:59:35.246Z,CoinbasePub,45797843,127
2026-08-22T02:00:35.273Z,QuickNodeEP1,45797873,127
2026-08-22T02:00:35.273Z,CoinbasePub,45797873,127
2026-08-22T02:01:34.689Z,QuickNodeEP1,45797903,127
2026-08-22T02:01:34.689Z,CoinbasePub,45797903,127
2026-08-22T02:02:34.665Z,QuickNodeEP1,45797933,127
2026-08-22T02:02:34.665Z,CoinbasePub,45797933,127
2026-08-22T02:03:35.159Z,QuickNodeEP1,45797963,127
2026-08-22T02:03:35.159Z,CoinbasePub,45797963,127
2026-08-22T02:04:35.144Z,QuickNodeEP1,45797993,127
2026-08-22T02:04:35.144Z,CoinbasePub,45797993,127
2026-08-22T02:05:34.639Z,QuickNodeEP1,45798023,127
2026-08-22T02:05:34.639Z,CoinbasePub,45798023,127
2026-08-22T02:06:34.736Z,QuickNodeEP1,45798053,127
2026-08-22T02:06:34.736Z,CoinbasePub,45798053,127
2026-08-22T02:07:34.709Z,QuickNodeEP1,45798083,127
2026-08-22T02:07:34.709Z,CoinbasePub,45798083,127
2026-08-22T02:08:34.714Z,QuickNodeEP1,45798113,127
2026-08-22T02:08:34.714Z,CoinbasePub,45798113,127
2026-08-22T02:09:34.693Z,QuickNodeEP1,45798143,127
2026-08-22T02:09:34.693Z,CoinbasePub,45798143,127
2026-08-22T02:10:34.656Z,QuickNodeEP1,45798173,127
2026-08-22T02:10:34.656Z,CoinbasePub,45798173,127
2026-08-22T02:11:34.791Z,QuickNodeEP1,45798203,127
2026-08-22T02:11:34.791Z,CoinbasePub,45798203,127
2026-08-22T02:12:34.762Z,QuickNodeEP1,45798233,127
2026-08-22T02:12:34.762Z,CoinbasePub,45798233,127
2026-08-22T02:13:35.399Z,QuickNodeEP1,45798263,127
2026-08-22T02:13:35.399Z,CoinbasePub,45798263,127
2026-08-22T02:14:35.255Z,QuickNodeEP1,45798293,127
2026-08-22T02:14:35.255Z,CoinbasePub,45798293,127
2026-08-22T02:15:35.394Z,QuickNodeEP1,45798323,127
2026-08-22T02:15:35.394Z,CoinbasePub,45798323,127
2026-08-22T02:16:35.224Z,QuickNodeEP1,45798353,127
2026-08-22T02:16:35.224Z,CoinbasePub,45798353,127
2026-08-22T02:17:34.743Z,QuickNodeEP1,45798383,127
2026-08-22T02:17:34.743Z,CoinbasePub,45798383,127
2026-08-22T02:18:34.732Z,QuickNodeEP1,45798413,127
2026-08-22T02:18:34.732Z,CoinbasePub,45798413,127
2026-08-22T02:19:35.377Z,QuickNodeEP1,45798443,127
2026-08-22T02:19:35.377Z,CoinbasePub,45798443,127
2026-08-22T02:20:35.279Z,QuickNodeEP1,45798473,127
2026-08-22T02:20:35.279Z,CoinbasePub,45798473,127
2026-08-22T02:21:35.322Z,QuickNodeEP1,45798503,127
2026-08-22T02:21:35.322Z,CoinbasePub,45798503,127
2026-08-22T02:22:35.388Z,QuickNodeEP1,45798533,127
2026-08-22T02:22:35.388Z,CoinbasePub,45798533,127
2026-08-22T02:23:35.305Z,QuickNodeEP1,45798563,127
2026-08-22T02:23:35.305Z,CoinbasePub,45798563,127
2026-08-22T02:24:35.394Z,QuickNodeEP1,45798593,127
2026-08-22T02:24:35.394Z,CoinbasePub,45798593,127
2026-08-22T02:25:34.977Z,QuickNodeEP1,45798623,127
2026-08-22T02:25:34.977Z,CoinbasePub,45798623,127
2026-08-22T02:26:34.796Z,QuickNodeEP1,45798653,127
2026-08-22T02:26:34.796Z,CoinbasePub,45798653,127
2026-08-22T02:27:35.459Z,QuickNodeEP1,45798683,127
2026-08-22T02:27:35.459Z,CoinbasePub,45798683,127
2026-08-22T02:28:35.443Z,QuickNodeEP1,45798713,127
2026-08-22T02:28:35.443Z,CoinbasePub,45798713,127
2026-08-22T02:29:34.805Z,QuickNodeEP1,45798743,127
2026-08-22T02:29:34.805Z,CoinbasePub,45798743,127
2026-08-22T02:30:34.895Z,QuickNodeEP1,45798773,127
2026-08-22T02:30:34.895Z,CoinbasePub,45798773,127
2026-08-22T02:31:34.853Z,QuickNodeEP1,45798803,127
2026-08-22T02:31:34.853Z,CoinbasePub,45798803,127
2026-08-22T02:32:34.841Z,QuickNodeEP1,45798833,127
2026-08-22T02:32:34.841Z,CoinbasePub,45798833,127
2026-08-22T02:33:34.836Z,QuickNodeEP1,45798863,127
2026-08-22T02:33:34.836Z,CoinbasePub,45798863,127
2026-08-22T02:34:34.868Z,QuickNodeEP1,45798893,127
2026-08-22T02:34:34.868Z,CoinbasePub,45798893,127
2026-08-22T02:35:35.003Z,QuickNodeEP1,45798923,127
2026-08-22T02:35:35.003Z,CoinbasePub,45798923,HTTP 503
2026-08-22T02:36:35.032Z,QuickNodeEP1,45798953,127
2026-08-22T02:36:35.032Z,CoinbasePub,45798953,HTTP 503
2026-08-22T02:37:35.002Z,QuickNodeEP1,45798983,127
2026-08-22T02:37:35.002Z,CoinbasePub,45798983,HTTP 503
2026-08-22T02:38:35.022Z,QuickNodeEP1,45799013,127
2026-08-22T02:38:35.022Z,CoinbasePub,45799013,HTTP 503
2026-08-22T02:39:35.208Z,QuickNodeEP1,45799043,127
2026-08-22T02:39:35.208Z,CoinbasePub,45799043,127
2026-08-22T02:40:34.920Z,QuickNodeEP1,45799073,127
2026-08-22T02:40:34.920Z,CoinbasePub,45799073,127
2026-08-22T02:41:35.705Z,QuickNodeEP1,45799103,127
2026-08-22T02:41:35.705Z,CoinbasePub,45799103,127
2026-08-22T02:42:36.159Z,QuickNodeEP1,45799133,127
2026-08-22T02:42:36.159Z,CoinbasePub,45799133,127
2026-08-22T02:43:35.566Z,QuickNodeEP1,45799163,127
2026-08-22T02:43:35.566Z,CoinbasePub,45799163,127
2026-08-22T02:44:35.068Z,QuickNodeEP1,45799193,127
2026-08-22T02:44:35.068Z,CoinbasePub,45799193,127
2026-08-22T02:45:38.461Z,QuickNodeEP1,45799223,127
2026-08-22T02:45:38.461Z,CoinbasePub,45799224,127
2026-08-22T02:46:35.760Z,QuickNodeEP1,45799253,127
2026-08-22T02:46:35.760Z,CoinbasePub,45799253,127
2026-08-22T02:47:35.150Z,QuickNodeEP1,45799283,127
2026-08-22T02:47:35.150Z,CoinbasePub,45799283,127
2026-08-22T02:48:35.036Z,QuickNodeEP1,45799313,127
2026-08-22T02:48:35.036Z,CoinbasePub,45799313,127
2026-08-22T02:49:35.138Z,QuickNodeEP1,45799343,127
2026-08-22T02:49:35.138Z,CoinbasePub,45799343,127
2026-08-22T02:50:35.058Z,QuickNodeEP1,45799373,127
2026-08-22T02:50:35.058Z,CoinbasePub,45799373,127
2026-08-22T02:51:35.058Z,QuickNodeEP1,45799403,127
2026-08-22T02:51:35.058Z,CoinbasePub,45799403,127
2026-08-22T02:52:35.135Z,QuickNodeEP1,45799433,127
2026-08-22T02:52:35.135Z,CoinbasePub,45799433,127
2026-08-22T02:53:35.177Z,QuickNodeEP1,45799463,127
2026-08-22T02:53:35.177Z,CoinbasePub,45799463,127
2026-08-22T02:54:35.392Z,QuickNodeEP1,45799493,127
2026-08-22T02:54:35.392Z,CoinbasePub,45799493,127
2026-08-22T02:55:35.082Z,QuickNodeEP1,45799523,127
2026-08-22T02:55:35.082Z,CoinbasePub,45799523,127
2026-08-22T02:56:35.642Z,QuickNodeEP1,45799553,127
2026-08-22T02:56:35.642Z,CoinbasePub,45799553,127
2026-08-22T02:57:35.502Z,QuickNodeEP1,45799583,127
2026-08-22T02:57:35.502Z,CoinbasePub,45799583,127
2026-08-22T02:58:35.113Z,QuickNodeEP1,45799613,127
2026-08-22T02:58:35.113Z,CoinbasePub,45799613,127
2026-08-22T02:59:35.395Z,QuickNodeEP1,45799643,127
2026-08-22T02:59:35.395Z,CoinbasePub,45799643,127
2026-08-22T03:00:35.259Z,QuickNodeEP1,45799673,127
2026-08-22T03:00:35.259Z,CoinbasePub,45799673,127
2026-08-22T03:01:35.739Z,QuickNodeEP1,45799703,127
2026-08-22T03:01:35.739Z,CoinbasePub,45799703,127
2026-08-22T03:02:35.555Z,QuickNodeEP1,45799733,127
2026-08-22T03:02:35.555Z,CoinbasePub,45799733,127
2026-08-22T03:03:35.152Z,QuickNodeEP1,45799763,127
2026-08-22T03:03:35.152Z,CoinbasePub,45799763,127
2026-08-22T03:04:35.747Z,QuickNodeEP1,45799793,127
2026-08-22T03:04:35.747Z,CoinbasePub,45799793,127
2026-08-22T03:05:35.519Z,QuickNodeEP1,45799823,127
2026-08-22T03:05:35.519Z,CoinbasePub,45799823,127
2026-08-22T03:06:35.163Z,QuickNodeEP1,45799853,127
2026-08-22T03:06:35.163Z,CoinbasePub,45799853,127
2026-08-22T03:07:35.197Z,QuickNodeEP1,45799883,127
2026-08-22T03:07:35.197Z,CoinbasePub,45799883,127
2026-08-22T03:08:35.197Z,QuickNodeEP1,45799913,127
2026-08-22T03:08:35.197Z,CoinbasePub,45799913,127
2026-08-22T03:09:35.732Z,QuickNodeEP1,45799943,127
2026-08-22T03:09:35.732Z,CoinbasePub,45799943,127
2026-08-22T03:10:35.783Z,QuickNodeEP1,45799973,127
2026-08-22T03:10:35.783Z,CoinbasePub,45799973,127
2026-08-22T03:11:35.836Z,QuickNodeEP1,45800003,127
2026-08-22T03:11:35.836Z,CoinbasePub,45800003,127
2026-08-22T03:12:35.300Z,QuickNodeEP1,45800033,127
2026-08-22T03:12:35.300Z,CoinbasePub,45800033,127
2026-08-22T03:13:35.610Z,QuickNodeEP1,45800063,127
2026-08-22T03:13:35.610Z,CoinbasePub,45800063,127
2026-08-22T03:14:35.773Z,QuickNodeEP1,45800093,127
2026-08-22T03:14:35.773Z,CoinbasePub,45800093,127
2026-08-22T03:15:35.284Z,QuickNodeEP1,45800123,127
2026-08-22T03:15:35.284Z,CoinbasePub,45800123,127
2026-08-22T03:16:35.379Z,QuickNodeEP1,45800153,127
2026-08-22T03:16:35.379Z,CoinbasePub,45800153,127
2026-08-22T03:17:35.360Z,QuickNodeEP1,45800183,127
2026-08-22T03:17:35.360Z,CoinbasePub,45800183,127
2026-08-22T03:18:35.858Z,QuickNodeEP1,45800213,127
2026-08-22T03:18:35.858Z,CoinbasePub,45800213,127
2026-08-22T03:19:35.593Z,QuickNodeEP1,45800243,127
2026-08-22T03:19:35.593Z,CoinbasePub,45800243,127
2026-08-22T03:20:35.366Z,QuickNodeEP1,45800273,127
2026-08-22T03:20:35.366Z,CoinbasePub,45800273,127
2026-08-22T03:21:35.855Z,QuickNodeEP1,45800303,127
2026-08-22T03:21:35.855Z,CoinbasePub,45800303,127
2026-08-22T03:22:36.006Z,QuickNodeEP1,45800333,127
2026-08-22T03:22:36.006Z,CoinbasePub,45800333,127
2026-08-22T03:23:35.845Z,QuickNodeEP1,45800363,127
2026-08-22T03:23:35.845Z,CoinbasePub,45800363,127
2026-08-22T03:24:35.846Z,QuickNodeEP1,45800393,127
2026-08-22T03:24:35.846Z,CoinbasePub,45800393,127
2026-08-22T03:25:35.701Z,QuickNodeEP1,45800423,127
2026-08-22T03:25:35.701Z,CoinbasePub,45800423,127
2026-08-22T03:26:35.332Z,QuickNodeEP1,45800453,127
2026-08-22T03:26:35.332Z,CoinbasePub,45800453,127
2026-08-22T03:27:35.387Z,QuickNodeEP1,45800483,127
2026-08-22T03:27:35.387Z,CoinbasePub,45800483,127
2026-08-22T03:28:35.757Z,QuickNodeEP1,45800513,127
2026-08-22T03:28:35.757Z,CoinbasePub,45800513,127
2026-08-22T03:29:35.897Z,QuickNodeEP1,45800543,127
2026-08-22T03:29:35.897Z,CoinbasePub,45800543,127
2026-08-22T03:30:35.396Z,QuickNodeEP1,45800573,127
2026-08-22T03:30:35.396Z,CoinbasePub,45800573,127
2026-08-22T03:31:35.679Z,QuickNodeEP1,45800603,127
2026-08-22T03:31:35.679Z,CoinbasePub,45800603,HTTP 503
2026-08-22T03:32:35.913Z,QuickNodeEP1,45800623,HTTP 503
2026-08-22T03:32:35.913Z,CoinbasePub,45800633,HTTP 503
2026-08-22T03:33:35.987Z,QuickNodeEP1,45800663,HTTP 503
2026-08-22T03:33:35.987Z,CoinbasePub,45800664,HTTP 503
2026-08-22T03:34:35.999Z,QuickNodeEP1,45800693,HTTP 503
2026-08-22T03:34:35.999Z,CoinbasePub,45800694,HTTP 503
2026-08-22T03:35:35.963Z,QuickNodeEP1,45800723,127
2026-08-22T03:35:35.963Z,CoinbasePub,45800724,127
2026-08-22T03:36:35.954Z,QuickNodeEP1,45800753,127
2026-08-22T03:36:35.954Z,CoinbasePub,45800754,127
2026-08-22T03:37:35.499Z,QuickNodeEP1,45800783,127
2026-08-22T03:37:35.499Z,CoinbasePub,45800783,127
2026-08-22T03:38:35.440Z,QuickNodeEP1,45800813,127
2026-08-22T03:38:35.440Z,CoinbasePub,45800813,127
2026-08-22T03:39:35.479Z,QuickNodeEP1,45800843,127
2026-08-22T03:39:35.479Z,CoinbasePub,45800843,127
2026-08-22T03:40:35.421Z,QuickNodeEP1,45800873,127
2026-08-22T03:40:35.421Z,CoinbasePub,45800873,127
2026-08-22T03:41:35.425Z,QuickNodeEP1,45800903,127
2026-08-22T03:41:35.425Z,CoinbasePub,45800903,127
2026-08-22T03:42:35.432Z,QuickNodeEP1,45800933,127
2026-08-22T03:42:35.432Z,CoinbasePub,45800933,127
2026-08-22T03:43:36.046Z,QuickNodeEP1,45800963,127
2026-08-22T03:43:36.046Z,CoinbasePub,45800964,127
2026-08-22T03:44:36.077Z,QuickNodeEP1,45800992,127
2026-08-22T03:44:36.077Z,CoinbasePub,45800993,127
2026-08-22T03:45:36.001Z,QuickNodeEP1,45801023,HTTP 503
2026-08-22T03:45:36.001Z,CoinbasePub,45801024,HTTP 503
2026-08-22T03:46:36.067Z,QuickNodeEP1,45801053,HTTP 503
2026-08-22T03:46:36.067Z,CoinbasePub,45801054,HTTP 503
2026-08-22T03:47:35.677Z,QuickNodeEP1,45801083,127
2026-08-22T03:47:35.677Z,CoinbasePub,45801083,127
2026-08-22T03:48:35.804Z,QuickNodeEP1,45801113,127
2026-08-22T03:48:35.804Z,CoinbasePub,45801113,127
2026-08-22T03:49:35.538Z,QuickNodeEP1,45801143,127
2026-08-22T03:49:35.538Z,CoinbasePub,45801143,127
2026-08-22T03:50:35.605Z,QuickNodeEP1,45801173,127
2026-08-22T03:50:35.605Z,CoinbasePub,45801173,127
2026-08-22T03:51:35.591Z,QuickNodeEP1,45801203,127
2026-08-22T03:51:35.591Z,CoinbasePub,45801203,127
2026-08-22T03:52:35.531Z,QuickNodeEP1,45801233,127
2026-08-22T03:52:35.531Z,CoinbasePub,45801233,HTTP 503
2026-08-22T03:53:35.627Z,QuickNodeEP1,45801263,127
2026-08-22T03:53:35.627Z,CoinbasePub,45801263,127
2026-08-22T03:54:35.506Z,QuickNodeEP1,45801293,127
2026-08-22T03:54:35.506Z,CoinbasePub,45801293,127
2026-08-22T03:55:35.642Z,QuickNodeEP1,45801323,127
2026-08-22T03:55:35.642Z,CoinbasePub,45801323,127
2026-08-22T03:56:35.693Z,QuickNodeEP1,45801353,127
2026-08-22T03:56:35.693Z,CoinbasePub,45801353,127
2026-08-22T03:57:35.574Z,QuickNodeEP1,45801383,127
2026-08-22T03:57:35.574Z,CoinbasePub,45801383,HTTP 503
2026-08-22T03:58:35.664Z,QuickNodeEP1,45801413,127
2026-08-22T03:58:35.664Z,CoinbasePub,45801413,127
2026-08-22T03:59:35.706Z,QuickNodeEP1,45801443,127
2026-08-22T03:59:35.706Z,CoinbasePub,45801443,127
2026-08-22T04:00:35.598Z,QuickNodeEP1,45801473,127
2026-08-22T04:00:35.598Z,CoinbasePub,45801473,127
2026-08-22T04:01:35.651Z,QuickNodeEP1,45801503,127
2026-08-22T04:01:35.651Z,CoinbasePub,45801503,127
2026-08-22T04:02:35.733Z,QuickNodeEP1,45801533,127
2026-08-22T04:02:35.733Z,CoinbasePub,45801533,127
2026-08-22T04:03:35.745Z,QuickNodeEP1,45801563,127
2026-08-22T04:03:35.745Z,CoinbasePub,45801563,HTTP 503
2026-08-22T04:04:35.635Z,QuickNodeEP1,45801593,127
2026-08-22T04:04:35.635Z,CoinbasePub,45801593,HTTP 503
2026-08-22T04:05:35.744Z,QuickNodeEP1,45801623,127
2026-08-22T04:05:35.744Z,CoinbasePub,45801623,127
2026-08-22T04:06:35.637Z,QuickNodeEP1,45801653,127
2026-08-22T04:06:35.637Z,CoinbasePub,45801653,127
2026-08-22T04:07:35.787Z,QuickNodeEP1,45801683,127
2026-08-22T04:07:35.787Z,CoinbasePub,45801683,127
2026-08-22T04:08:35.701Z,QuickNodeEP1,45801713,127
2026-08-22T04:08:35.701Z,CoinbasePub,45801713,127
2026-08-22T04:09:35.691Z,QuickNodeEP1,45801743,127
2026-08-22T04:09:35.691Z,CoinbasePub,45801743,127
2026-08-22T04:10:35.705Z,QuickNodeEP1,45801773,127
2026-08-22T04:10:35.705Z,CoinbasePub,45801773,127
2026-08-22T04:11:36.402Z,QuickNodeEP1,45801803,127
2026-08-22T04:11:36.402Z,CoinbasePub,45801804,127
2026-08-22T04:12:36.222Z,QuickNodeEP1,45801833,127
2026-08-22T04:12:36.222Z,CoinbasePub,45801834,127
2026-08-22T04:13:35.809Z,QuickNodeEP1,45801863,127
2026-08-22T04:13:35.809Z,CoinbasePub,45801863,127
2026-08-22T04:14:35.750Z,QuickNodeEP1,45801893,127
2026-08-22T04:14:35.750Z,CoinbasePub,45801893,127
2026-08-22T04:15:35.751Z,QuickNodeEP1,45801923,127
2026-08-22T04:15:35.751Z,CoinbasePub,45801923,127
2026-08-22T04:16:35.718Z,QuickNodeEP1,45801953,127
2026-08-22T04:16:35.718Z,CoinbasePub,45801953,127
2026-08-22T04:17:36.394Z,QuickNodeEP1,45801983,127
2026-08-22T04:17:36.394Z,CoinbasePub,45801984,127
2026-08-22T04:18:36.284Z,QuickNodeEP1,45802013,127
2026-08-22T04:18:36.284Z,CoinbasePub,45802014,127
2026-08-22T04:19:35.776Z,QuickNodeEP1,45802043,127
2026-08-22T04:19:35.776Z,CoinbasePub,45802043,HTTP 503
2026-08-22T04:20:35.909Z,QuickNodeEP1,45802073,127
2026-08-22T04:20:35.909Z,CoinbasePub,45802073,HTTP 503
2026-08-22T04:21:35.921Z,QuickNodeEP1,45802103,127
2026-08-22T04:21:35.921Z,CoinbasePub,45802103,HTTP 503
2026-08-22T04:22:35.773Z,QuickNodeEP1,45802133,127
2026-08-22T04:22:35.773Z,CoinbasePub,45802133,HTTP 503
2026-08-22T04:23:35.871Z,QuickNodeEP1,45802163,127
2026-08-22T04:23:35.871Z,CoinbasePub,45802163,127
2026-08-22T04:24:35.897Z,QuickNodeEP1,45802193,127
2026-08-22T04:24:35.897Z,CoinbasePub,45802193,127
2026-08-22T04:25:36.419Z,QuickNodeEP1,45802223,127
2026-08-22T04:25:36.419Z,CoinbasePub,45802224,127
2026-08-22T04:26:36.359Z,QuickNodeEP1,45802249,127
2026-08-22T04:26:36.359Z,CoinbasePub,45802254,127
2026-08-22T04:27:36.382Z,QuickNodeEP1,45802283,HTTP 503
2026-08-22T04:27:36.382Z,CoinbasePub,45802284,HTTP 503
2026-08-22T04:28:36.390Z,QuickNodeEP1,45802313,HTTP 503
2026-08-22T04:28:36.390Z,CoinbasePub,45802314,HTTP 503
2026-08-22T04:29:35.879Z,QuickNodeEP1,45802343,127
2026-08-22T04:29:35.879Z,CoinbasePub,45802343,HTTP 503
2026-08-22T04:30:35.840Z,QuickNodeEP1,45802373,127
2026-08-22T04:30:35.840Z,CoinbasePub,45802373,HTTP 503
2026-08-22T04:31:35.924Z,QuickNodeEP1,45802403,127
2026-08-22T04:31:35.924Z,CoinbasePub,45802404,127
2026-08-22T04:32:35.885Z,QuickNodeEP1,45802433,127
2026-08-22T04:32:35.885Z,CoinbasePub,45802433,127
2026-08-22T04:33:35.909Z,QuickNodeEP1,45802463,127
2026-08-22T04:33:35.909Z,CoinbasePub,45802463,127
2026-08-22T04:34:35.877Z,QuickNodeEP1,45802493,127
2026-08-22T04:34:35.877Z,CoinbasePub,45802493,HTTP 503
2026-08-22T04:35:35.898Z,QuickNodeEP1,45802523,127
2026-08-22T04:35:35.898Z,CoinbasePub,45802523,HTTP 503
2026-08-22T04:36:35.985Z,QuickNodeEP1,45802553,127
2026-08-22T04:36:35.985Z,CoinbasePub,45802553,HTTP 503
2026-08-22T04:37:35.910Z,QuickNodeEP1,45802583,127
2026-08-22T04:37:35.910Z,CoinbasePub,45802583,127
2026-08-22T04:38:35.943Z,QuickNodeEP1,45802613,127
2026-08-22T04:38:35.943Z,CoinbasePub,45802614,127
2026-08-22T04:39:35.900Z,QuickNodeEP1,45802643,127
2026-08-22T04:39:35.900Z,CoinbasePub,45802643,127
2026-08-22T04:40:35.934Z,QuickNodeEP1,45802673,127
2026-08-22T04:40:35.934Z,CoinbasePub,45802673,127
2026-08-22T04:41:36.023Z,QuickNodeEP1,45802703,127
2026-08-22T04:41:36.023Z,CoinbasePub,45802704,HTTP 503
2026-08-22T04:42:36.086Z,QuickNodeEP1,45802733,127
2026-08-22T04:42:36.086Z,CoinbasePub,45802734,HTTP 503
2026-08-22T04:43:35.940Z,QuickNodeEP1,45802763,127
2026-08-22T04:43:35.940Z,CoinbasePub,45802764,127
2026-08-22T04:44:35.948Z,QuickNodeEP1,45802793,127
2026-08-22T04:44:35.948Z,CoinbasePub,45802793,127
2026-08-22T04:45:36.255Z,QuickNodeEP1,45802823,127
2026-08-22T04:45:36.255Z,CoinbasePub,45802824,127
2026-08-22T04:46:35.954Z,QuickNodeEP1,45802853,127
2026-08-22T04:46:35.954Z,CoinbasePub,45802854,127
2026-08-22T04:47:36.142Z,QuickNodeEP1,45802883,127
2026-08-22T04:47:36.142Z,CoinbasePub,45802883,127
2026-08-22T04:48:35.968Z,QuickNodeEP1,45802913,127
2026-08-22T04:48:35.968Z,CoinbasePub,45802914,127
2026-08-22T04:49:36.265Z,QuickNodeEP1,45802943,127
2026-08-22T04:49:36.265Z,CoinbasePub,45802943,127
2026-08-22T04:50:36.031Z,QuickNodeEP1,45802973,127
2026-08-22T04:50:36.031Z,CoinbasePub,45802974,127
2026-08-22T04:51:36.033Z,QuickNodeEP1,45803003,127
2026-08-22T04:51:36.033Z,CoinbasePub,45803004,HTTP 503
2026-08-22T04:52:36.602Z,QuickNodeEP1,45803033,HTTP 503
2026-08-22T04:52:36.602Z,CoinbasePub,45803034,HTTP 503
2026-08-22T04:53:36.577Z,QuickNodeEP1,45803063,HTTP 503
2026-08-22T04:53:36.577Z,CoinbasePub,45803064,HTTP 503
2026-08-22T04:54:36.059Z,QuickNodeEP1,45803093,127
2026-08-22T04:54:36.059Z,CoinbasePub,45803094,127
2026-08-22T04:55:36.415Z,QuickNodeEP1,45803123,127
2026-08-22T04:55:36.415Z,CoinbasePub,45803124,127
2026-08-22T04:56:36.004Z,QuickNodeEP1,45803153,127
2026-08-22T04:56:36.004Z,CoinbasePub,45803154,127
2026-08-22T04:57:36.611Z,QuickNodeEP1,45803183,127
2026-08-22T04:57:36.611Z,CoinbasePub,45803184,127
2026-08-22T04:58:36.622Z,QuickNodeEP1,45803213,127
2026-08-22T04:58:36.622Z,CoinbasePub,45803214,127
2026-08-22T04:59:36.632Z,QuickNodeEP1,45803243,127
2026-08-22T04:59:36.632Z,CoinbasePub,45803244,127
2026-08-22T05:00:36.113Z,QuickNodeEP1,45803273,127
2026-08-22T05:00:36.113Z,CoinbasePub,45803273,127
2026-08-22T05:01:36.038Z,QuickNodeEP1,45803303,127
2026-08-22T05:01:36.038Z,CoinbasePub,45803303,127
2026-08-22T05:02:36.081Z,QuickNodeEP1,45803333,127
2026-08-22T05:02:36.081Z,CoinbasePub,45803334,HTTP 503
2026-08-22T05:03:36.149Z,QuickNodeEP1,45803363,127
2026-08-22T05:03:36.149Z,CoinbasePub,45803364,HTTP 503
2026-08-22T05:04:36.107Z,QuickNodeEP1,45803393,127
2026-08-22T05:04:36.107Z,CoinbasePub,45803394,127
2026-08-22T05:05:36.175Z,QuickNodeEP1,45803423,127
2026-08-22T05:05:36.175Z,CoinbasePub,45803424,127
2026-08-22T05:06:36.659Z,QuickNodeEP1,45803454,127
2026-08-22T05:06:36.659Z,CoinbasePub,45803454,127
2026-08-22T05:07:36.412Z,QuickNodeEP1,45803484,127
2026-08-22T05:07:36.412Z,CoinbasePub,45803484,127
2026-08-22T05:08:36.206Z,QuickNodeEP1,45803513,127
2026-08-22T05:08:36.206Z,CoinbasePub,45803514,127
2026-08-22T05:09:36.330Z,QuickNodeEP1,45803543,127
2026-08-22T05:09:36.330Z,CoinbasePub,45803544,127
2026-08-22T05:10:36.623Z,QuickNodeEP1,45803573,127
2026-08-22T05:10:36.623Z,CoinbasePub,45803574,127
2026-08-22T05:11:36.795Z,QuickNodeEP1,45803604,127
2026-08-22T05:11:36.795Z,CoinbasePub,45803604,127
2026-08-22T05:12:36.781Z,QuickNodeEP1,45803634,127
2026-08-22T05:12:36.781Z,CoinbasePub,45803634,127
2026-08-22T05:13:36.552Z,QuickNodeEP1,45803664,127
2026-08-22T05:13:36.552Z,CoinbasePub,45803664,127
2026-08-22T05:14:36.292Z,QuickNodeEP1,45803693,127
2026-08-22T05:14:36.292Z,CoinbasePub,45803694,127
2026-08-22T05:15:36.309Z,QuickNodeEP1,45803723,127
2026-08-22T05:15:36.309Z,CoinbasePub,45803724,127
2026-08-22T05:16:36.681Z,QuickNodeEP1,45803753,127
2026-08-22T05:16:36.681Z,CoinbasePub,45803754,127
2026-08-22T05:17:36.882Z,QuickNodeEP1,45803784,127
2026-08-22T05:17:36.882Z,CoinbasePub,45803784,127
2026-08-22T05:18:36.883Z,QuickNodeEP1,45803814,127
2026-08-22T05:18:36.883Z,CoinbasePub,45803814,127
2026-08-22T05:19:36.848Z,QuickNodeEP1,45803844,127
2026-08-22T05:19:36.848Z,CoinbasePub,45803844,127
2026-08-22T05:20:37.009Z,QuickNodeEP1,45803874,127
2026-08-22T05:20:37.009Z,CoinbasePub,45803872,127
2026-08-22T05:21:36.357Z,QuickNodeEP1,45803904,127
2026-08-22T05:21:36.357Z,CoinbasePub,45803904,HTTP 503
2026-08-22T05:22:36.332Z,QuickNodeEP1,45803933,127
2026-08-22T05:22:36.332Z,CoinbasePub,45803934,HTTP 503
2026-08-22T05:23:36.380Z,QuickNodeEP1,45803964,127
2026-08-22T05:23:36.380Z,CoinbasePub,45803964,HTTP 503
2026-08-22T05:24:36.883Z,QuickNodeEP1,45803994,HTTP 503
2026-08-22T05:24:36.883Z,CoinbasePub,45803994,HTTP 503
2026-08-22T05:25:36.987Z,QuickNodeEP1,45804024,127
2026-08-22T05:25:36.987Z,CoinbasePub,45804024,127
2026-08-22T05:26:36.699Z,QuickNodeEP1,45804054,127
2026-08-22T05:26:36.699Z,CoinbasePub,45804054,127
2026-08-22T05:27:37.328Z,QuickNodeEP1,45804084,127
2026-08-22T05:27:37.328Z,CoinbasePub,45804084,127
2026-08-22T05:28:37.268Z,QuickNodeEP1,45804114,127
2026-08-22T05:28:37.268Z,CoinbasePub,45804114,127
2026-08-22T05:29:37.280Z,QuickNodeEP1,45804144,127
2026-08-22T05:29:37.280Z,CoinbasePub,45804144,127
2026-08-22T05:30:37.237Z,QuickNodeEP1,45804169,HTTP 503
2026-08-22T05:30:37.237Z,CoinbasePub,45804174,HTTP 503
2026-08-22T05:31:36.797Z,QuickNodeEP1,45804204,127
2026-08-22T05:31:36.797Z,CoinbasePub,45804204,HTTP 503
2026-08-22T05:32:36.716Z,QuickNodeEP1,45804234,127
2026-08-22T05:32:36.716Z,CoinbasePub,45804234,HTTP 503
2026-08-22T05:33:37.371Z,QuickNodeEP1,45804264,127
2026-08-22T05:33:37.371Z,CoinbasePub,45804264,127
2026-08-22T05:34:37.295Z,QuickNodeEP1,45804294,127
2026-08-22T05:34:37.295Z,CoinbasePub,45804294,127
2026-08-22T05:35:36.834Z,QuickNodeEP1,45804324,127
2026-08-22T05:35:36.834Z,CoinbasePub,45804324,HTTP 503
2026-08-22T05:36:37.104Z,QuickNodeEP1,45804354,127
2026-08-22T05:36:37.104Z,CoinbasePub,45804354,127
2026-08-22T05:37:36.749Z,QuickNodeEP1,45804384,127
2026-08-22T05:37:36.749Z,CoinbasePub,45804384,127
2026-08-22T05:38:36.732Z,QuickNodeEP1,45804414,127
2026-08-22T05:38:36.732Z,CoinbasePub,45804414,127
2026-08-22T05:39:36.747Z,QuickNodeEP1,45804444,127
2026-08-22T05:39:36.747Z,CoinbasePub,45804444,127
2026-08-22T05:40:36.874Z,QuickNodeEP1,45804474,127
2026-08-22T05:40:36.874Z,CoinbasePub,45804474,127
2026-08-22T05:41:37.870Z,QuickNodeEP1,45804504,127
2026-08-22T05:41:37.870Z,CoinbasePub,45804504,127
2026-08-22T05:42:36.754Z,QuickNodeEP1,45804534,127
2026-08-22T05:42:36.754Z,CoinbasePub,45804534,127
2026-08-22T05:43:37.907Z,QuickNodeEP1,45804564,127
2026-08-22T05:43:37.907Z,CoinbasePub,45804564,127
2026-08-22T05:44:36.778Z,QuickNodeEP1,45804594,127
2026-08-22T05:44:36.778Z,CoinbasePub,45804594,HTTP 503
2026-08-22T05:45:36.826Z,QuickNodeEP1,45804624,127
2026-08-22T05:45:36.826Z,CoinbasePub,45804624,HTTP 503
2026-08-22T05:46:36.839Z,QuickNodeEP1,45804654,127
2026-08-22T05:46:36.839Z,CoinbasePub,45804654,127
2026-08-22T05:47:37.517Z,QuickNodeEP1,45804684,127
2026-08-22T05:47:37.517Z,CoinbasePub,45804684,127
2026-08-22T05:48:37.357Z,QuickNodeEP1,45804714,127
2026-08-22T05:48:37.357Z,CoinbasePub,45804714,127
2026-08-22T05:49:36.873Z,QuickNodeEP1,45804744,127
2026-08-22T05:49:36.873Z,CoinbasePub,45804744,127
2026-08-22T05:50:36.834Z,QuickNodeEP1,45804773,127
2026-08-22T05:50:36.834Z,CoinbasePub,45804773,HTTP 503
2026-08-22T05:51:37.466Z,QuickNodeEP1,45804804,HTTP 503
2026-08-22T05:51:37.466Z,CoinbasePub,45804804,HTTP 503
2026-08-22T05:52:37.411Z,QuickNodeEP1,45804834,127
2026-08-22T05:52:37.411Z,CoinbasePub,45804834,127
2026-08-22T05:53:36.875Z,QuickNodeEP1,45804864,127
2026-08-22T05:53:36.875Z,CoinbasePub,45804864,127
2026-08-22T05:54:36.954Z,QuickNodeEP1,45804894,127
2026-08-22T05:54:36.954Z,CoinbasePub,45804894,127
2026-08-22T05:55:37.496Z,QuickNodeEP1,45804924,127
2026-08-22T05:55:37.496Z,CoinbasePub,45804924,127
2026-08-22T05:56:37.505Z,QuickNodeEP1,45804954,127
2026-08-22T05:56:37.505Z,CoinbasePub,45804954,127
2026-08-22T05:57:37.493Z,QuickNodeEP1,45804984,127
2026-08-22T05:57:37.493Z,CoinbasePub,45804984,127
2026-08-22T05:58:37.435Z,QuickNodeEP1,45805014,127
2026-08-22T05:58:37.435Z,CoinbasePub,45805014,127
2026-08-22T05:59:36.935Z,QuickNodeEP1,45805044,127
2026-08-22T05:59:36.935Z,CoinbasePub,45805044,127
2026-08-22T06:00:37.000Z,QuickNodeEP1,45805074,127
2026-08-22T06:00:37.000Z,CoinbasePub,45805074,127
2026-08-22T06:01:37.577Z,QuickNodeEP1,45805104,127
2026-08-22T06:01:37.577Z,CoinbasePub,45805104,127
2026-08-22T06:02:37.495Z,QuickNodeEP1,45805134,127
2026-08-22T06:02:37.495Z,CoinbasePub,45805134,127
2026-08-22T06:03:37.043Z,QuickNodeEP1,45805164,127
2026-08-22T06:03:37.043Z,CoinbasePub,45805164,127
2026-08-22T06:04:36.922Z,QuickNodeEP1,45805194,127
2026-08-22T06:04:36.922Z,CoinbasePub,45805194,127
2026-08-22T06:05:38.531Z,QuickNodeEP1,45805224,127
2026-08-22T06:05:38.531Z,CoinbasePub,45805225,127
2026-08-22T06:06:37.557Z,QuickNodeEP1,45805254,127
2026-08-22T06:06:37.557Z,CoinbasePub,45805254,127
2026-08-22T06:07:37.494Z,QuickNodeEP1,45805284,127
2026-08-22T06:07:37.494Z,CoinbasePub,45805284,127
2026-08-22T06:08:37.087Z,QuickNodeEP1,45805314,127
2026-08-22T06:08:37.087Z,CoinbasePub,45805314,127
2026-08-22T06:09:37.018Z,QuickNodeEP1,45805344,127
2026-08-22T06:09:37.018Z,CoinbasePub,45805344,127
2026-08-22T06:10:37.540Z,QuickNodeEP1,45805374,127
2026-08-22T06:10:37.540Z,CoinbasePub,45805374,127
2026-08-22T06:11:37.524Z,QuickNodeEP1,45805404,127
2026-08-22T06:11:37.524Z,CoinbasePub,45805404,127
2026-08-22T06:12:37.087Z,QuickNodeEP1,45805434,127
2026-08-22T06:12:37.087Z,CoinbasePub,45805434,127
2026-08-22T06:13:36.985Z,QuickNodeEP1,45805464,127
2026-08-22T06:13:36.985Z,CoinbasePub,45805464,127
2026-08-22T06:14:37.622Z,QuickNodeEP1,45805494,127
2026-08-22T06:14:37.622Z,CoinbasePub,45805494,127
2026-08-22T06:15:37.598Z,QuickNodeEP1,45805524,127
2026-08-22T06:15:37.598Z,CoinbasePub,45805524,127
2026-08-22T06:16:37.136Z,QuickNodeEP1,45805554,127
2026-08-22T06:16:37.136Z,CoinbasePub,45805554,127
2026-08-22T06:17:37.003Z,QuickNodeEP1,45805584,127
2026-08-22T06:17:37.003Z,CoinbasePub,45805584,127
2026-08-22T06:18:37.070Z,QuickNodeEP1,45805614,127
2026-08-22T06:18:37.070Z,CoinbasePub,45805614,127
2026-08-22T06:19:37.584Z,QuickNodeEP1,45805644,127
2026-08-22T06:19:37.584Z,CoinbasePub,45805644,127
2026-08-22T06:20:37.104Z,QuickNodeEP1,45805674,127
2026-08-22T06:20:37.104Z,CoinbasePub,45805674,127
2026-08-22T06:21:37.136Z,QuickNodeEP1,45805704,127
2026-08-22T06:21:37.136Z,CoinbasePub,45805704,127
2026-08-22T06:22:37.645Z,QuickNodeEP1,45805734,127
2026-08-22T06:22:37.645Z,CoinbasePub,45805734,127
2026-08-22T06:23:37.609Z,QuickNodeEP1,45805764,127
2026-08-22T06:23:37.609Z,CoinbasePub,45805764,127
2026-08-22T06:24:37.631Z,QuickNodeEP1,45805794,127
2026-08-22T06:24:37.631Z,CoinbasePub,45805794,127
2026-08-22T06:25:37.122Z,QuickNodeEP1,45805824,127
2026-08-22T06:25:37.122Z,CoinbasePub,45805824,127
2026-08-22T06:26:37.154Z,QuickNodeEP1,45805854,127
2026-08-22T06:26:37.154Z,CoinbasePub,45805854,127
2026-08-22T06:27:37.717Z,QuickNodeEP1,45805884,127
2026-08-22T06:27:37.717Z,CoinbasePub,45805884,127
2026-08-22T06:28:37.511Z,QuickNodeEP1,45805914,127
2026-08-22T06:28:37.511Z,CoinbasePub,45805914,127
2026-08-22T06:29:37.077Z,QuickNodeEP1,45805944,127
2026-08-22T06:29:37.077Z,CoinbasePub,45805944,127
2026-08-22T06:30:37.125Z,QuickNodeEP1,45805974,127
2026-08-22T06:30:37.125Z,CoinbasePub,45805974,127
2026-08-22T06:31:37.115Z,QuickNodeEP1,45806004,127
2026-08-22T06:31:37.115Z,CoinbasePub,45806004,127
2026-08-22T06:32:37.188Z,QuickNodeEP1,45806034,127
2026-08-22T06:32:37.188Z,CoinbasePub,45806034,127
2026-08-22T06:33:37.105Z,QuickNodeEP1,45806064,127
2026-08-22T06:33:37.105Z,CoinbasePub,45806064,127
2026-08-22T06:34:37.139Z,QuickNodeEP1,45806094,127
2026-08-22T06:34:37.139Z,CoinbasePub,45806094,127
2026-08-22T06:35:37.124Z,QuickNodeEP1,45806124,127
2026-08-22T06:35:37.124Z,CoinbasePub,45806124,127
2026-08-22T06:36:37.826Z,QuickNodeEP1,45806154,127
2026-08-22T06:36:37.826Z,CoinbasePub,45806154,127
2026-08-22T06:37:37.468Z,QuickNodeEP1,45806184,127
2026-08-22T06:37:37.468Z,CoinbasePub,45806184,127
2026-08-22T06:38:37.182Z,QuickNodeEP1,45806214,127
2026-08-22T06:38:37.182Z,CoinbasePub,45806214,127
2026-08-22T06:39:37.736Z,QuickNodeEP1,45806244,127
2026-08-22T06:39:37.736Z,CoinbasePub,45806244,127
2026-08-22T06:40:37.482Z,QuickNodeEP1,45806274,127
2026-08-22T06:40:37.482Z,CoinbasePub,45806274,127
2026-08-22T06:41:37.160Z,QuickNodeEP1,45806304,127
2026-08-22T06:41:37.160Z,CoinbasePub,45806304,127
2026-08-22T06:42:37.297Z,QuickNodeEP1,45806334,127
2026-08-22T06:42:37.297Z,CoinbasePub,45806334,127
2026-08-22T06:43:37.681Z,QuickNodeEP1,45806362,127
2026-08-22T06:43:37.681Z,CoinbasePub,45806362,127
2026-08-22T06:44:37.813Z,QuickNodeEP1,45806394,127
2026-08-22T06:44:37.813Z,CoinbasePub,45806394,127
2026-08-22T06:45:38.072Z,QuickNodeEP1,45806424,127
2026-08-22T06:45:38.072Z,CoinbasePub,45806424,127
2026-08-22T06:46:37.747Z,QuickNodeEP1,45806454,127
2026-08-22T06:46:37.747Z,CoinbasePub,45806454,127
2026-08-22T06:47:37.760Z,QuickNodeEP1,45806484,127
2026-08-22T06:47:37.760Z,CoinbasePub,45806484,127
2026-08-22T06:48:37.321Z,QuickNodeEP1,45806514,127
2026-08-22T06:48:37.321Z,CoinbasePub,45806514,127
2026-08-22T06:49:37.341Z,QuickNodeEP1,45806544,127
2026-08-22T06:49:37.341Z,CoinbasePub,45806544,127
2026-08-22T06:50:37.355Z,QuickNodeEP1,45806574,127
2026-08-22T06:50:37.355Z,CoinbasePub,45806574,127
2026-08-22T06:51:37.320Z,QuickNodeEP1,45806604,127
2026-08-22T06:51:37.320Z,CoinbasePub,45806604,127
2026-08-22T06:52:37.392Z,QuickNodeEP1,45806634,127
2026-08-22T06:52:37.392Z,CoinbasePub,45806634,127
2026-08-22T06:53:37.261Z,QuickNodeEP1,45806664,127
2026-08-22T06:53:37.261Z,CoinbasePub,45806664,127
2026-08-22T06:54:37.319Z,QuickNodeEP1,45806694,127
2026-08-22T06:54:37.319Z,CoinbasePub,45806694,127
2026-08-22T06:55:37.430Z,QuickNodeEP1,45806724,127
2026-08-22T06:55:37.430Z,CoinbasePub,45806724,127
2026-08-22T06:56:37.791Z,QuickNodeEP1,45806754,127
2026-08-22T06:56:37.791Z,CoinbasePub,45806754,127
2026-08-22T06:57:37.389Z,QuickNodeEP1,45806784,127
2026-08-22T06:57:37.389Z,CoinbasePub,45806784,127
2026-08-22T06:58:37.628Z,QuickNodeEP1,45806814,127
2026-08-22T06:58:37.628Z,CoinbasePub,45806814,127
2026-08-22T06:59:37.326Z,QuickNodeEP1,45806844,127
2026-08-22T06:59:37.326Z,CoinbasePub,45806844,127
2026-08-22T07:00:37.988Z,QuickNodeEP1,45806874,127
2026-08-22T07:00:37.988Z,CoinbasePub,45806874,127
2026-08-22T07:01:37.671Z,QuickNodeEP1,45806904,127
2026-08-22T07:01:37.671Z,CoinbasePub,45806904,127
2026-08-22T07:02:37.429Z,QuickNodeEP1,45806930,127
2026-08-22T07:02:37.429Z,CoinbasePub,45806930,127
2026-08-22T07:03:37.492Z,QuickNodeEP1,45806964,127
2026-08-22T07:03:37.492Z,CoinbasePub,45806964,127
2026-08-22T07:04:37.362Z,QuickNodeEP1,45806994,127
2026-08-22T07:04:37.362Z,CoinbasePub,45806994,127
2026-08-22T07:05:37.409Z,QuickNodeEP1,45807024,127
2026-08-22T07:05:37.409Z,CoinbasePub,45807024,127
2026-08-22T07:06:37.482Z,QuickNodeEP1,45807054,127
2026-08-22T07:06:37.482Z,CoinbasePub,45807054,127
2026-08-22T07:07:37.595Z,QuickNodeEP1,45807084,127
2026-08-22T07:07:37.595Z,CoinbasePub,45807084,127
2026-08-22T07:08:37.459Z,QuickNodeEP1,45807114,127
2026-08-22T07:08:37.459Z,CoinbasePub,45807114,127
2026-08-22T07:09:37.480Z,QuickNodeEP1,45807144,127
2026-08-22T07:09:37.480Z,CoinbasePub,45807144,127
2026-08-22T07:10:37.964Z,QuickNodeEP1,45807167,127
2026-08-22T07:10:37.964Z,CoinbasePub,45807171,127
2026-08-22T07:11:37.943Z,QuickNodeEP1,45807204,127
2026-08-22T07:11:37.943Z,CoinbasePub,45807204,127
2026-08-22T07:12:37.976Z,QuickNodeEP1,45807234,127
2026-08-22T07:12:37.976Z,CoinbasePub,45807234,127
2026-08-22T07:13:37.492Z,QuickNodeEP1,45807264,127
2026-08-22T07:13:37.492Z,CoinbasePub,45807264,127
2026-08-22T07:14:37.473Z,QuickNodeEP1,45807294,127
2026-08-22T07:14:37.473Z,CoinbasePub,45807294,127
2026-08-22T07:15:37.500Z,QuickNodeEP1,45807324,127
2026-08-22T07:15:37.500Z,CoinbasePub,45807324,127
2026-08-22T07:16:37.995Z,QuickNodeEP1,45807354,127
2026-08-22T07:16:37.995Z,CoinbasePub,45807355,127
2026-08-22T07:17:37.515Z,QuickNodeEP1,45807384,127
2026-08-22T07:17:37.515Z,CoinbasePub,45807384,127
2026-08-22T07:18:37.486Z,QuickNodeEP1,45807414,127
2026-08-22T07:18:37.486Z,CoinbasePub,45807414,127
2026-08-22T07:19:37.524Z,QuickNodeEP1,45807444,127
2026-08-22T07:19:37.524Z,CoinbasePub,45807444,127
2026-08-22T07:20:37.571Z,QuickNodeEP1,45807473,127
2026-08-22T07:20:37.571Z,CoinbasePub,45807474,127
2026-08-22T07:21:37.542Z,QuickNodeEP1,45807504,127
2026-08-22T07:21:37.542Z,CoinbasePub,45807504,127
2026-08-22T07:22:37.496Z,QuickNodeEP1,45807534,127
2026-08-22T07:22:37.496Z,CoinbasePub,45807534,127
2026-08-22T07:23:37.629Z,QuickNodeEP1,45807564,127
2026-08-22T07:23:37.629Z,CoinbasePub,45807564,127
2026-08-22T07:24:37.543Z,QuickNodeEP1,45807594,127
2026-08-22T07:24:37.543Z,CoinbasePub,45807594,127
2026-08-22T07:25:37.598Z,QuickNodeEP1,45807624,127
2026-08-22T07:25:37.598Z,CoinbasePub,45807624,127
2026-08-22T07:26:37.605Z,QuickNodeEP1,45807654,127
2026-08-22T07:26:37.605Z,CoinbasePub,45807654,127
2026-08-22T07:27:37.550Z,QuickNodeEP1,45807684,127
2026-08-22T07:27:37.550Z,CoinbasePub,45807684,127
2026-08-22T07:28:37.550Z,QuickNodeEP1,45807714,127
2026-08-22T07:28:37.550Z,CoinbasePub,45807714,127
2026-08-22T07:29:37.582Z,QuickNodeEP1,45807744,127
2026-08-22T07:29:37.582Z,CoinbasePub,45807744,127
2026-08-22T07:30:37.562Z,QuickNodeEP1,45807774,127
2026-08-22T07:30:37.562Z,CoinbasePub,45807774,127
2026-08-22T07:31:37.622Z,QuickNodeEP1,45807804,127
2026-08-22T07:31:37.622Z,CoinbasePub,45807804,127
2026-08-22T07:32:37.652Z,QuickNodeEP1,45807834,127
2026-08-22T07:32:37.652Z,CoinbasePub,45807834,127
2026-08-22T07:33:37.651Z,QuickNodeEP1,45807864,127
2026-08-22T07:33:37.651Z,CoinbasePub,45807864,127
2026-08-22T07:34:37.640Z,QuickNodeEP1,45807894,127
2026-08-22T07:34:37.640Z,CoinbasePub,45807894,127
2026-08-22T07:35:37.629Z,QuickNodeEP1,45807924,127
2026-08-22T07:35:37.629Z,CoinbasePub,45807924,127
2026-08-22T07:36:37.646Z,QuickNodeEP1,45807954,127
2026-08-22T07:36:37.646Z,CoinbasePub,45807954,127
2026-08-22T07:37:37.696Z,QuickNodeEP1,45807984,127
2026-08-22T07:37:37.696Z,CoinbasePub,45807984,127
2026-08-22T07:38:37.693Z,QuickNodeEP1,45808014,127
2026-08-22T07:38:37.693Z,CoinbasePub,45808014,127
2026-08-22T07:39:37.662Z,QuickNodeEP1,45808044,127
2026-08-22T07:39:37.662Z,CoinbasePub,45808044,127
2026-08-22T07:40:37.793Z,QuickNodeEP1,45808074,127
2026-08-22T07:40:37.793Z,CoinbasePub,45808074,127
2026-08-22T07:41:37.701Z,QuickNodeEP1,45808104,127
2026-08-22T07:41:37.701Z,CoinbasePub,45808104,127
2026-08-22T07:42:37.687Z,QuickNodeEP1,45808134,127
2026-08-22T07:42:37.687Z,CoinbasePub,45808134,127
2026-08-22T07:43:38.301Z,QuickNodeEP1,45808164,127
2026-08-22T07:43:38.301Z,CoinbasePub,45808165,127
2026-08-22T07:44:38.175Z,QuickNodeEP1,45808194,127
2026-08-22T07:44:38.175Z,CoinbasePub,45808195,127
2026-08-22T07:45:37.711Z,QuickNodeEP1,45808224,127
2026-08-22T07:45:37.711Z,CoinbasePub,45808224,127
2026-08-22T07:46:37.694Z,QuickNodeEP1,45808254,127
2026-08-22T07:46:37.694Z,CoinbasePub,45808254,127
2026-08-22T07:47:37.763Z,QuickNodeEP1,45808284,127
2026-08-22T07:47:37.763Z,CoinbasePub,45808284,127
2026-08-22T07:48:37.728Z,QuickNodeEP1,45808314,127
2026-08-22T07:48:37.728Z,CoinbasePub,45808314,127
2026-08-22T07:49:38.396Z,QuickNodeEP1,45808344,127
2026-08-22T07:49:38.396Z,CoinbasePub,45808345,127
2026-08-22T07:50:38.268Z,QuickNodeEP1,45808374,127
2026-08-22T07:50:38.268Z,CoinbasePub,45808375,127
2026-08-22T07:51:37.769Z,QuickNodeEP1,45808404,127
2026-08-22T07:51:37.769Z,CoinbasePub,45808404,127
2026-08-22T07:52:37.773Z,QuickNodeEP1,45808434,127
2026-08-22T07:52:37.773Z,CoinbasePub,45808434,127
2026-08-22T07:53:38.342Z,QuickNodeEP1,45808464,127
2026-08-22T07:53:38.342Z,CoinbasePub,45808465,127
2026-08-22T07:54:38.528Z,QuickNodeEP1,45808494,127
2026-08-22T07:54:38.528Z,CoinbasePub,45808495,127
2026-08-22T07:55:38.462Z,QuickNodeEP1,45808524,127
2026-08-22T07:55:38.462Z,CoinbasePub,45808525,127
2026-08-22T07:56:38.421Z,QuickNodeEP1,45808554,127
2026-08-22T07:56:38.421Z,CoinbasePub,45808555,127
2026-08-22T07:57:37.916Z,QuickNodeEP1,45808584,127
2026-08-22T07:57:37.916Z,CoinbasePub,45808584,127
2026-08-22T07:58:38.398Z,QuickNodeEP1,45808614,127
2026-08-22T07:58:38.398Z,CoinbasePub,45808615,127
2026-08-22T07:59:38.521Z,QuickNodeEP1,45808644,127
2026-08-22T07:59:38.521Z,CoinbasePub,45808645,127
2026-08-22T08:00:38.325Z,QuickNodeEP1,45808668,127
2026-08-22T08:00:38.325Z,CoinbasePub,45808667,127
2026-08-22T08:01:37.999Z,QuickNodeEP1,45808694,127
2026-08-22T08:01:37.999Z,CoinbasePub,45808697,127
2026-08-22T08:02:37.870Z,QuickNodeEP1,45808734,127
2026-08-22T08:02:37.870Z,CoinbasePub,45808734,127
2026-08-22T08:03:38.387Z,QuickNodeEP1,45808764,127
2026-08-22T08:03:38.387Z,CoinbasePub,45808765,127
2026-08-22T08:04:38.442Z,QuickNodeEP1,45808794,127
2026-08-22T08:04:38.442Z,CoinbasePub,45808795,127
2026-08-22T08:05:38.362Z,QuickNodeEP1,45808824,127
2026-08-22T08:05:38.362Z,CoinbasePub,45808825,127
2026-08-22T08:06:38.437Z,QuickNodeEP1,45808854,127
2026-08-22T08:06:38.437Z,CoinbasePub,45808855,127
2026-08-22T08:07:37.944Z,QuickNodeEP1,45808884,127
2026-08-22T08:07:37.944Z,CoinbasePub,45808884,127
2026-08-22T08:08:37.888Z,QuickNodeEP1,45808914,127
2026-08-22T08:08:37.888Z,CoinbasePub,45808914,127
2026-08-22T08:09:37.945Z,QuickNodeEP1,45808944,127
2026-08-22T08:09:37.945Z,CoinbasePub,45808944,127
2026-08-22T08:10:38.086Z,QuickNodeEP1,45808974,127
2026-08-22T08:10:38.086Z,CoinbasePub,45808974,127
2026-08-22T08:11:38.556Z,QuickNodeEP1,45809004,127
2026-08-22T08:11:38.556Z,CoinbasePub,45809005,127
2026-08-22T08:12:38.469Z,QuickNodeEP1,45809034,127
2026-08-22T08:12:38.469Z,CoinbasePub,45809035,127
2026-08-22T08:13:38.039Z,QuickNodeEP1,45809064,127
2026-08-22T08:13:38.039Z,CoinbasePub,45809065,127
2026-08-22T08:14:38.501Z,QuickNodeEP1,45809094,127
2026-08-22T08:14:38.501Z,CoinbasePub,45809095,127
2026-08-22T08:15:38.074Z,QuickNodeEP1,45809124,127
2026-08-22T08:15:38.074Z,CoinbasePub,45809125,127
2026-08-22T08:16:38.181Z,QuickNodeEP1,45809154,127
2026-08-22T08:16:38.181Z,CoinbasePub,45809155,127
2026-08-22T08:17:38.599Z,QuickNodeEP1,45809184,127
2026-08-22T08:17:38.599Z,CoinbasePub,45809185,127
2026-08-22T08:18:38.570Z,QuickNodeEP1,45809214,127
2026-08-22T08:18:38.570Z,CoinbasePub,45809215,127
2026-08-22T08:19:38.606Z,QuickNodeEP1,45809244,127
2026-08-22T08:19:38.606Z,CoinbasePub,45809245,127
2026-08-22T08:20:38.493Z,QuickNodeEP1,45809274,127
2026-08-22T08:20:38.493Z,CoinbasePub,45809275,127
2026-08-22T08:21:38.062Z,QuickNodeEP1,45809296,127
2026-08-22T08:21:38.062Z,CoinbasePub,45809298,127
2026-08-22T08:22:38.002Z,QuickNodeEP1,45809334,127
2026-08-22T08:22:38.002Z,CoinbasePub,45809334,HTTP 503
2026-08-22T08:23:38.033Z,QuickNodeEP1,45809364,127
2026-08-22T08:23:38.033Z,CoinbasePub,45809365,127
2026-08-22T08:24:38.055Z,QuickNodeEP1,45809394,127
2026-08-22T08:24:38.055Z,CoinbasePub,45809395,127
2026-08-22T08:25:38.063Z,QuickNodeEP1,45809424,127
2026-08-22T08:25:38.063Z,CoinbasePub,45809424,127
2026-08-22T08:26:38.265Z,QuickNodeEP1,45809454,127
2026-08-22T08:26:38.265Z,CoinbasePub,45809455,127
2026-08-22T08:27:38.043Z,QuickNodeEP1,45809484,127
2026-08-22T08:27:38.043Z,CoinbasePub,45809484,127
2026-08-22T08:28:38.052Z,QuickNodeEP1,45809514,127
2026-08-22T08:28:38.052Z,CoinbasePub,45809515,127
2026-08-22T08:29:38.707Z,QuickNodeEP1,45809544,127
2026-08-22T08:29:38.707Z,CoinbasePub,45809545,127
2026-08-22T08:30:38.453Z,QuickNodeEP1,45809574,127
2026-08-22T08:30:38.453Z,CoinbasePub,45809575,127
2026-08-22T08:31:38.156Z,QuickNodeEP1,45809598,127
2026-08-22T08:31:38.156Z,CoinbasePub,45809598,127
2026-08-22T08:32:38.098Z,QuickNodeEP1,45809634,127
2026-08-22T08:32:38.098Z,CoinbasePub,45809634,HTTP 503
2026-08-22T08:33:38.211Z,QuickNodeEP1,45809664,127
2026-08-22T08:33:38.211Z,CoinbasePub,45809665,HTTP 503
2026-08-22T08:34:38.125Z,QuickNodeEP1,45809694,127
2026-08-22T08:34:38.125Z,CoinbasePub,45809695,HTTP 503
2026-08-22T08:35:38.269Z,QuickNodeEP1,45809724,127
2026-08-22T08:35:38.269Z,CoinbasePub,45809725,HTTP 503
2026-08-22T08:36:38.788Z,QuickNodeEP1,45809755,127
2026-08-22T08:36:38.788Z,CoinbasePub,45809755,HTTP 503
2026-08-22T08:37:38.791Z,QuickNodeEP1,45809784,127
2026-08-22T08:37:38.791Z,CoinbasePub,45809785,127
2026-08-22T08:38:38.147Z,QuickNodeEP1,45809814,127
2026-08-22T08:38:38.147Z,CoinbasePub,45809815,127
2026-08-22T08:39:38.174Z,QuickNodeEP1,45809844,127
2026-08-22T08:39:38.174Z,CoinbasePub,45809845,127
2026-08-22T08:40:38.132Z,QuickNodeEP1,45809868,127
2026-08-22T08:40:38.132Z,CoinbasePub,45809868,HTTP 503
2026-08-22T08:41:38.702Z,QuickNodeEP1,45809898,HTTP 503
2026-08-22T08:41:38.702Z,CoinbasePub,45809905,HTTP 503
2026-08-22T08:42:38.220Z,QuickNodeEP1,45809934,127
2026-08-22T08:42:38.220Z,CoinbasePub,45809935,HTTP 503
2026-08-22T08:43:38.146Z,QuickNodeEP1,45809964,127
2026-08-22T08:43:38.146Z,CoinbasePub,45809965,HTTP 503
2026-08-22T08:44:39.001Z,QuickNodeEP1,45809995,HTTP 503
2026-08-22T08:44:39.001Z,CoinbasePub,45809995,HTTP 503
2026-08-22T08:45:38.949Z,QuickNodeEP1,45810025,127
2026-08-22T08:45:38.949Z,CoinbasePub,45810025,HTTP 503
2026-08-22T08:46:38.368Z,QuickNodeEP1,45810054,127
2026-08-22T08:46:38.368Z,CoinbasePub,45810055,127
2026-08-22T08:47:38.396Z,QuickNodeEP1,45810084,127
2026-08-22T08:47:38.396Z,CoinbasePub,45810085,127
2026-08-22T08:48:38.721Z,QuickNodeEP1,45810115,127
2026-08-22T08:48:38.721Z,CoinbasePub,45810115,127
2026-08-22T08:49:38.218Z,QuickNodeEP1,45810144,127
2026-08-22T08:49:38.218Z,CoinbasePub,45810145,127
2026-08-22T08:50:38.755Z,QuickNodeEP1,45810175,HTTP 503
2026-08-22T08:50:38.755Z,CoinbasePub,45810175,HTTP 503
2026-08-22T08:51:38.748Z,QuickNodeEP1,45810205,127
2026-08-22T08:51:38.748Z,CoinbasePub,45810205,127
2026-08-22T08:52:38.410Z,QuickNodeEP1,45810234,127
2026-08-22T08:52:38.410Z,CoinbasePub,45810235,127
2026-08-22T08:53:38.484Z,QuickNodeEP1,45810264,127
2026-08-22T08:53:38.484Z,CoinbasePub,45810265,127
2026-08-22T08:54:38.364Z,QuickNodeEP1,45810294,127
2026-08-22T08:54:38.364Z,CoinbasePub,45810295,127
2026-08-22T08:55:38.393Z,QuickNodeEP1,45810324,127
2026-08-22T08:55:38.393Z,CoinbasePub,45810325,HTTP 503
2026-08-22T08:56:38.436Z,QuickNodeEP1,45810354,127
2026-08-22T08:56:38.436Z,CoinbasePub,45810355,HTTP 503
2026-08-22T08:57:38.281Z,QuickNodeEP1,45810384,127
2026-08-22T08:57:38.281Z,CoinbasePub,45810385,HTTP 503
2026-08-22T08:58:38.426Z,QuickNodeEP1,45810415,127
2026-08-22T08:58:38.426Z,CoinbasePub,45810415,HTTP 503
2026-08-22T08:59:38.699Z,QuickNodeEP1,45810444,HTTP 503
2026-08-22T08:59:38.699Z,CoinbasePub,45810445,127
2026-08-22T09:00:38.839Z,QuickNodeEP1,45810475,127
2026-08-22T09:00:38.839Z,CoinbasePub,45810475,127
2026-08-22T09:01:39.088Z,QuickNodeEP1,45810505,127
2026-08-22T09:01:39.088Z,CoinbasePub,45810505,127
2026-08-22T09:02:38.846Z,QuickNodeEP1,45810531,127
2026-08-22T09:02:38.846Z,CoinbasePub,45810531,127
2026-08-22T09:03:38.533Z,QuickNodeEP1,45810564,127
2026-08-22T09:03:38.533Z,CoinbasePub,45810565,HTTP 503
2026-08-22T09:04:38.420Z,QuickNodeEP1,45810594,127
2026-08-22T09:04:38.420Z,CoinbasePub,45810595,HTTP 503
2026-08-22T09:05:38.359Z,QuickNodeEP1,45810624,127
2026-08-22T09:05:38.359Z,CoinbasePub,45810625,HTTP 503
2026-08-22T09:06:39.256Z,QuickNodeEP1,45810655,HTTP 503
2026-08-22T09:06:39.256Z,CoinbasePub,45810655,HTTP 503
2026-08-22T09:07:38.902Z,QuickNodeEP1,45810685,HTTP 503
2026-08-22T09:07:38.902Z,CoinbasePub,45810685,HTTP 503
2026-08-22T09:08:38.476Z,QuickNodeEP1,45810715,127
2026-08-22T09:08:38.476Z,CoinbasePub,45810715,HTTP 503
2026-08-22T09:09:38.447Z,QuickNodeEP1,45810745,127
2026-08-22T09:09:38.447Z,CoinbasePub,45810745,HTTP 503
2026-08-22T09:10:38.500Z,QuickNodeEP1,45810775,127
2026-08-22T09:10:38.500Z,CoinbasePub,45810775,127
2026-08-22T09:11:38.459Z,QuickNodeEP1,45810805,127
2026-08-22T09:11:38.459Z,CoinbasePub,45810805,127
2026-08-22T09:12:38.485Z,QuickNodeEP1,45810834,127
2026-08-22T09:12:38.485Z,CoinbasePub,45810835,127
2026-08-22T09:13:38.487Z,QuickNodeEP1,45810860,127
2026-08-22T09:13:38.487Z,CoinbasePub,45810860,127
2026-08-22T09:14:38.593Z,QuickNodeEP1,45810895,127
2026-08-22T09:14:38.593Z,CoinbasePub,45810895,HTTP 503
2026-08-22T09:15:38.482Z,QuickNodeEP1,45810921,127
2026-08-22T09:15:38.482Z,CoinbasePub,45810921,HTTP 503
2026-08-22T09:16:38.659Z,QuickNodeEP1,45810955,127
2026-08-22T09:16:38.659Z,CoinbasePub,45810955,HTTP 503
2026-08-22T09:17:38.593Z,QuickNodeEP1,45810985,127
2026-08-22T09:17:38.593Z,CoinbasePub,45810985,HTTP 503
2026-08-22T09:18:38.527Z,QuickNodeEP1,45811014,127
2026-08-22T09:18:38.527Z,CoinbasePub,45811015,HTTP 503
2026-08-22T09:19:38.688Z,QuickNodeEP1,45811045,127
2026-08-22T09:19:38.688Z,CoinbasePub,45811045,HTTP 503
2026-08-22T09:20:38.751Z,QuickNodeEP1,45811075,127
2026-08-22T09:20:38.751Z,CoinbasePub,45811075,127
2026-08-22T09:21:38.773Z,QuickNodeEP1,45811105,127
2026-08-22T09:21:38.773Z,CoinbasePub,45811105,127
2026-08-22T09:22:38.729Z,QuickNodeEP1,45811135,127
2026-08-22T09:22:38.729Z,CoinbasePub,45811135,127
2026-08-22T09:23:39.508Z,QuickNodeEP1,45811165,127
2026-08-22T09:23:39.508Z,CoinbasePub,45811165,127
2026-08-22T09:24:39.516Z,QuickNodeEP1,45811195,127
2026-08-22T09:24:39.516Z,CoinbasePub,45811195,127
2026-08-22T09:25:39.427Z,QuickNodeEP1,45811225,127
2026-08-22T09:25:39.427Z,CoinbasePub,45811225,127
2026-08-22T09:26:39.373Z,QuickNodeEP1,45811255,127
2026-08-22T09:26:39.373Z,CoinbasePub,45811255,127
2026-08-22T09:27:39.224Z,QuickNodeEP1,45811285,127
2026-08-22T09:27:39.224Z,CoinbasePub,45811285,127
2026-08-22T09:28:38.701Z,QuickNodeEP1,45811315,127
2026-08-22T09:28:38.701Z,CoinbasePub,45811315,127
2026-08-22T09:29:38.654Z,QuickNodeEP1,45811345,127
2026-08-22T09:29:38.654Z,CoinbasePub,45811345,127
2026-08-22T09:30:38.721Z,QuickNodeEP1,45811375,127
2026-08-22T09:30:38.721Z,CoinbasePub,45811375,127
2026-08-22T09:31:38.693Z,QuickNodeEP1,45811405,127
2026-08-22T09:31:38.693Z,CoinbasePub,45811405,127
2026-08-22T09:32:38.788Z,QuickNodeEP1,45811435,127
2026-08-22T09:32:38.788Z,CoinbasePub,45811435,127
2026-08-22T09:33:38.784Z,QuickNodeEP1,45811465,127
2026-08-22T09:33:38.784Z,CoinbasePub,45811465,127
2026-08-22T09:34:38.765Z,QuickNodeEP1,45811495,127
2026-08-22T09:34:38.765Z,CoinbasePub,45811495,127
2026-08-22T09:35:39.301Z,QuickNodeEP1,45811525,127
2026-08-22T09:35:39.301Z,CoinbasePub,45811525,127
2026-08-22T09:36:38.796Z,QuickNodeEP1,45811555,127
2026-08-22T09:36:38.796Z,CoinbasePub,45811555,127
2026-08-22T09:37:39.031Z,QuickNodeEP1,45811585,127
2026-08-22T09:37:39.031Z,CoinbasePub,45811585,127
2026-08-22T09:38:38.958Z,QuickNodeEP1,45811615,127
2026-08-22T09:38:38.958Z,CoinbasePub,45811615,127
2026-08-22T09:39:38.869Z,QuickNodeEP1,45811645,127
2026-08-22T09:39:38.869Z,CoinbasePub,45811645,127
2026-08-22T09:40:39.380Z,QuickNodeEP1,45811675,127
2026-08-22T09:40:39.380Z,CoinbasePub,45811675,127
2026-08-22T09:41:39.590Z,QuickNodeEP1,45811705,127
2026-08-22T09:41:39.590Z,CoinbasePub,45811705,127
2026-08-22T09:42:38.955Z,QuickNodeEP1,45811735,127
2026-08-22T09:42:38.955Z,CoinbasePub,45811735,127
2026-08-22T09:43:38.911Z,QuickNodeEP1,45811765,127
2026-08-22T09:43:38.911Z,CoinbasePub,45811765,127
2026-08-22T09:44:38.947Z,QuickNodeEP1,45811795,127
2026-08-22T09:44:38.947Z,CoinbasePub,45811795,127
2026-08-22T09:45:38.973Z,QuickNodeEP1,45811825,127
2026-08-22T09:45:38.973Z,CoinbasePub,45811825,127
2026-08-22T09:46:39.725Z,QuickNodeEP1,45811855,127
2026-08-22T09:46:39.725Z,CoinbasePub,45811855,127
2026-08-22T09:47:39.630Z,QuickNodeEP1,45811885,127
2026-08-22T09:47:39.630Z,CoinbasePub,45811885,127
2026-08-22T09:48:39.494Z,QuickNodeEP1,45811912,127
2026-08-22T09:48:39.494Z,CoinbasePub,45811915,127
2026-08-22T09:49:39.495Z,QuickNodeEP1,45811945,HTTP 503
2026-08-22T09:49:39.495Z,CoinbasePub,45811945,HTTP 503
2026-08-22T09:50:39.116Z,QuickNodeEP1,45811975,127
2026-08-22T09:50:39.116Z,CoinbasePub,45811975,HTTP 503
2026-08-22T09:51:38.987Z,QuickNodeEP1,45812005,127
2026-08-22T09:51:38.987Z,CoinbasePub,45812005,HTTP 503
2026-08-22T09:52:40.238Z,QuickNodeEP1,45812035,HTTP 503
2026-08-22T09:52:40.238Z,CoinbasePub,45812036,HTTP 503
2026-08-22T09:53:39.600Z,QuickNodeEP1,45812065,127
2026-08-22T09:53:39.600Z,CoinbasePub,45812065,HTTP 503
2026-08-22T09:54:39.395Z,QuickNodeEP1,45812095,127
2026-08-22T09:54:39.395Z,CoinbasePub,45812095,127
2026-08-22T09:55:39.416Z,QuickNodeEP1,45812125,127
2026-08-22T09:55:39.416Z,CoinbasePub,45812125,127
2026-08-22T09:56:39.149Z,QuickNodeEP1,45812155,127
2026-08-22T09:56:39.149Z,CoinbasePub,45812155,127
2026-08-22T09:57:39.110Z,QuickNodeEP1,45812185,127
2026-08-22T09:57:39.110Z,CoinbasePub,45812185,HTTP 503
2026-08-22T09:58:39.223Z,QuickNodeEP1,45812215,127
2026-08-22T09:58:39.223Z,CoinbasePub,45812215,HTTP 503
2026-08-22T09:59:39.258Z,QuickNodeEP1,45812245,127
2026-08-22T09:59:39.258Z,CoinbasePub,45812245,HTTP 503
2026-08-22T10:00:39.196Z,QuickNodeEP1,45812275,127
2026-08-22T10:00:39.196Z,CoinbasePub,45812275,127
2026-08-22T10:01:39.751Z,QuickNodeEP1,45812305,127
2026-08-22T10:01:39.751Z,CoinbasePub,45812305,127
2026-08-22T10:02:39.640Z,QuickNodeEP1,45812335,127
2026-08-22T10:02:39.640Z,CoinbasePub,45812335,127
2026-08-22T10:03:39.702Z,QuickNodeEP1,45812365,127
2026-08-22T10:03:39.702Z,CoinbasePub,45812365,127
2026-08-22T10:04:39.690Z,QuickNodeEP1,45812395,127
2026-08-22T10:04:39.690Z,CoinbasePub,45812395,127
2026-08-22T10:05:39.484Z,QuickNodeEP1,45812425,127
2026-08-22T10:05:39.484Z,CoinbasePub,45812425,127
2026-08-22T10:06:39.210Z,QuickNodeEP1,45812455,127
2026-08-22T10:06:39.210Z,CoinbasePub,45812455,127
2026-08-22T10:07:39.916Z,QuickNodeEP1,45812485,127
2026-08-22T10:07:39.916Z,CoinbasePub,45812485,127
2026-08-22T10:08:39.686Z,QuickNodeEP1,45812513,127
2026-08-22T10:08:39.686Z,CoinbasePub,45812514,127
2026-08-22T10:09:39.237Z,QuickNodeEP1,45812545,127
2026-08-22T10:09:39.237Z,CoinbasePub,45812545,HTTP 503
2026-08-22T10:10:39.883Z,QuickNodeEP1,45812575,HTTP 503
2026-08-22T10:10:39.883Z,CoinbasePub,45812575,HTTP 503
2026-08-22T10:11:39.595Z,QuickNodeEP1,45812605,127
2026-08-22T10:11:39.595Z,CoinbasePub,45812605,HTTP 503
2026-08-22T10:12:39.398Z,QuickNodeEP1,45812635,127
2026-08-22T10:12:39.398Z,CoinbasePub,45812635,HTTP 503
2026-08-22T10:13:39.406Z,QuickNodeEP1,45812665,127
2026-08-22T10:13:39.406Z,CoinbasePub,45812665,HTTP 503
2026-08-22T10:14:39.921Z,QuickNodeEP1,45812695,HTTP 503
2026-08-22T10:14:39.921Z,CoinbasePub,45812695,HTTP 503
2026-08-22T10:15:39.819Z,QuickNodeEP1,45812725,127
2026-08-22T10:15:39.819Z,CoinbasePub,45812725,127
2026-08-22T10:16:39.344Z,QuickNodeEP1,45812755,127
2026-08-22T10:16:39.344Z,CoinbasePub,45812755,127
2026-08-22T10:17:39.280Z,QuickNodeEP1,45812785,127
2026-08-22T10:17:39.280Z,CoinbasePub,45812785,127
2026-08-22T10:18:39.964Z,QuickNodeEP1,45812815,HTTP 503
2026-08-22T10:18:39.964Z,CoinbasePub,45812815,HTTP 503
2026-08-22T10:19:39.784Z,QuickNodeEP1,45812845,127
2026-08-22T10:19:39.784Z,CoinbasePub,45812845,HTTP 503
2026-08-22T10:20:39.279Z,QuickNodeEP1,45812875,127
2026-08-22T10:20:39.279Z,CoinbasePub,45812875,HTTP 503
2026-08-22T10:21:39.878Z,QuickNodeEP1,45812905,HTTP 503
2026-08-22T10:21:39.878Z,CoinbasePub,45812905,HTTP 503
2026-08-22T10:22:39.581Z,QuickNodeEP1,45812935,127
2026-08-22T10:22:39.581Z,CoinbasePub,45812935,127
2026-08-22T10:23:39.280Z,QuickNodeEP1,45812965,127
2026-08-22T10:23:39.280Z,CoinbasePub,45812965,127
2026-08-22T10:24:39.370Z,QuickNodeEP1,45812995,127
2026-08-22T10:24:39.370Z,CoinbasePub,45812995,HTTP 503
2026-08-22T10:25:39.503Z,QuickNodeEP1,45813025,127
2026-08-22T10:25:39.503Z,CoinbasePub,45813025,HTTP 503
2026-08-22T10:26:39.397Z,QuickNodeEP1,45813055,127
2026-08-22T10:26:39.397Z,CoinbasePub,45813055,HTTP 503
2026-08-22T10:27:39.532Z,QuickNodeEP1,45813085,127
2026-08-22T10:27:39.532Z,CoinbasePub,45813085,127
2026-08-22T10:28:39.449Z,QuickNodeEP1,45813115,127
2026-08-22T10:28:39.449Z,CoinbasePub,45813115,127
2026-08-22T10:29:39.459Z,QuickNodeEP1,45813145,127
2026-08-22T10:29:39.459Z,CoinbasePub,45813145,127
2026-08-22T10:30:39.979Z,QuickNodeEP1,45813175,127
2026-08-22T10:30:39.979Z,CoinbasePub,45813175,127
2026-08-22T10:31:39.933Z,QuickNodeEP1,45813205,127
2026-08-22T10:31:39.933Z,CoinbasePub,45813205,127
2026-08-22T10:32:39.918Z,QuickNodeEP1,45813231,HTTP 503
2026-08-22T10:32:39.918Z,CoinbasePub,45813235,HTTP 503
2026-08-22T10:33:39.716Z,QuickNodeEP1,45813265,127
2026-08-22T10:33:39.716Z,CoinbasePub,45813265,HTTP 503
2026-08-22T10:34:39.484Z,QuickNodeEP1,45813295,127
2026-08-22T10:34:39.484Z,CoinbasePub,45813295,HTTP 503
2026-08-22T10:35:39.429Z,QuickNodeEP1,45813325,127
2026-08-22T10:35:39.429Z,CoinbasePub,45813325,HTTP 503
2026-08-22T10:36:39.784Z,QuickNodeEP1,45813355,HTTP 503
2026-08-22T10:36:39.784Z,CoinbasePub,45813355,HTTP 503
2026-08-22T10:37:40.026Z,QuickNodeEP1,45813385,127
2026-08-22T10:37:40.026Z,CoinbasePub,45813385,127
2026-08-22T10:38:39.446Z,QuickNodeEP1,45813415,127
2026-08-22T10:38:39.446Z,CoinbasePub,45813415,HTTP 503
2026-08-22T10:39:39.739Z,QuickNodeEP1,45813445,127
2026-08-22T10:39:39.739Z,CoinbasePub,45813445,127
2026-08-22T10:40:39.981Z,QuickNodeEP1,45813475,HTTP 503
2026-08-22T10:40:39.981Z,CoinbasePub,45813475,HTTP 503
2026-08-22T10:41:39.573Z,QuickNodeEP1,45813505,127
2026-08-22T10:41:39.573Z,CoinbasePub,45813505,127
2026-08-22T10:42:39.503Z,QuickNodeEP1,45813535,127
2026-08-22T10:42:39.503Z,CoinbasePub,45813535,127
2026-08-22T10:43:39.550Z,QuickNodeEP1,45813565,127
2026-08-22T10:43:39.550Z,CoinbasePub,45813565,HTTP 503
2026-08-22T10:44:39.525Z,QuickNodeEP1,45813595,127
2026-08-22T10:44:39.525Z,CoinbasePub,45813595,HTTP 503
2026-08-22T10:45:39.804Z,QuickNodeEP1,45813625,127
2026-08-22T10:45:39.804Z,CoinbasePub,45813625,127
2026-08-22T10:46:40.004Z,QuickNodeEP1,45813655,127
2026-08-22T10:46:40.004Z,CoinbasePub,45813655,127
2026-08-22T10:47:40.045Z,QuickNodeEP1,45813685,127
2026-08-22T10:47:40.045Z,CoinbasePub,45813685,127
2026-08-22T10:48:40.084Z,QuickNodeEP1,45813715,127
2026-08-22T10:48:40.084Z,CoinbasePub,45813715,127
2026-08-22T10:49:40.050Z,QuickNodeEP1,45813745,127
2026-08-22T10:49:40.050Z,CoinbasePub,45813745,127
2026-08-22T10:50:40.021Z,QuickNodeEP1,45813775,127
2026-08-22T10:50:40.021Z,CoinbasePub,45813775,127
2026-08-22T10:51:39.547Z,QuickNodeEP1,45813805,127
2026-08-22T10:51:39.547Z,CoinbasePub,45813805,127
2026-08-22T10:52:39.584Z,QuickNodeEP1,45813835,127
2026-08-22T10:52:39.584Z,CoinbasePub,45813835,127
2026-08-22T10:53:39.625Z,QuickNodeEP1,45813865,127
2026-08-22T10:53:39.625Z,CoinbasePub,45813865,127
2026-08-22T10:54:39.642Z,QuickNodeEP1,45813895,127
2026-08-22T10:54:39.642Z,CoinbasePub,45813895,127
2026-08-22T10:55:39.716Z,QuickNodeEP1,45813925,127
2026-08-22T10:55:39.716Z,CoinbasePub,45813925,127
2026-08-22T10:56:39.635Z,QuickNodeEP1,45813955,127
2026-08-22T10:56:39.635Z,CoinbasePub,45813955,127
2026-08-22T10:57:39.612Z,QuickNodeEP1,45813985,127
2026-08-22T10:57:39.612Z,CoinbasePub,45813985,127
2026-08-22T10:58:39.556Z,QuickNodeEP1,45814015,127
2026-08-22T10:58:39.556Z,CoinbasePub,45814015,127
2026-08-22T10:59:39.630Z,QuickNodeEP1,45814045,127
2026-08-22T10:59:39.630Z,CoinbasePub,45814045,127
2026-08-22T11:00:39.729Z,QuickNodeEP1,45814075,127
2026-08-22T11:00:39.729Z,CoinbasePub,45814075,127
2026-08-22T11:01:39.734Z,QuickNodeEP1,45814105,127
2026-08-22T11:01:39.734Z,CoinbasePub,45814105,127
2026-08-22T11:02:39.610Z,QuickNodeEP1,45814135,127
2026-08-22T11:02:39.610Z,CoinbasePub,45814135,127
2026-08-22T11:03:39.683Z,QuickNodeEP1,45814165,127
2026-08-22T11:03:39.683Z,CoinbasePub,45814165,127
2026-08-22T11:04:39.710Z,QuickNodeEP1,45814195,127
2026-08-22T11:04:39.710Z,CoinbasePub,45814195,127
2026-08-22T11:05:39.778Z,QuickNodeEP1,45814225,127
2026-08-22T11:05:39.778Z,CoinbasePub,45814225,127
2026-08-22T11:06:39.670Z,QuickNodeEP1,45814255,127
2026-08-22T11:06:39.670Z,CoinbasePub,45814255,127
2026-08-22T11:07:39.677Z,QuickNodeEP1,45814285,127
2026-08-22T11:07:39.677Z,CoinbasePub,45814285,127
2026-08-22T11:08:39.615Z,QuickNodeEP1,45814315,127
2026-08-22T11:08:39.615Z,CoinbasePub,45814315,127
2026-08-22T11:09:39.654Z,QuickNodeEP1,45814345,127
2026-08-22T11:09:39.654Z,CoinbasePub,45814345,127
2026-08-22T11:10:40.236Z,QuickNodeEP1,45814375,127
2026-08-22T11:10:40.236Z,CoinbasePub,45814376,127
2026-08-22T11:11:40.281Z,QuickNodeEP1,45814405,127
2026-08-22T11:11:40.281Z,CoinbasePub,45814406,127
2026-08-22T11:12:40.260Z,QuickNodeEP1,45814435,127
2026-08-22T11:12:40.260Z,CoinbasePub,45814436,127
2026-08-22T11:13:39.718Z,QuickNodeEP1,45814465,127
2026-08-22T11:13:39.718Z,CoinbasePub,45814465,127
2026-08-22T11:14:39.721Z,QuickNodeEP1,45814495,127
2026-08-22T11:14:39.721Z,CoinbasePub,45814495,127
2026-08-22T11:15:39.712Z,QuickNodeEP1,45814525,127
2026-08-22T11:15:39.712Z,CoinbasePub,45814525,127
2026-08-22T11:16:39.686Z,QuickNodeEP1,45814555,127
2026-08-22T11:16:39.686Z,CoinbasePub,45814555,127
2026-08-22T11:17:39.828Z,QuickNodeEP1,45814585,127
2026-08-22T11:17:39.828Z,CoinbasePub,45814585,127
2026-08-22T11:18:40.261Z,QuickNodeEP1,45814615,127
2026-08-22T11:18:40.261Z,CoinbasePub,45814616,127
2026-08-22T11:19:39.794Z,QuickNodeEP1,45814645,127
2026-08-22T11:19:39.794Z,CoinbasePub,45814645,127
2026-08-22T11:20:39.835Z,QuickNodeEP1,45814675,127
2026-08-22T11:20:39.835Z,CoinbasePub,45814675,127
2026-08-22T11:21:40.366Z,QuickNodeEP1,45814705,127
2026-08-22T11:21:40.366Z,CoinbasePub,45814706,127
2026-08-22T11:22:40.301Z,QuickNodeEP1,45814735,127
2026-08-22T11:22:40.301Z,CoinbasePub,45814736,127
2026-08-22T11:23:39.801Z,QuickNodeEP1,45814765,127
2026-08-22T11:23:39.801Z,CoinbasePub,45814765,127
2026-08-22T11:24:39.865Z,QuickNodeEP1,45814795,127
2026-08-22T11:24:39.865Z,CoinbasePub,45814795,127
2026-08-22T11:25:39.814Z,QuickNodeEP1,45814825,127
2026-08-22T11:25:39.814Z,CoinbasePub,45814825,127
2026-08-22T11:26:39.772Z,QuickNodeEP1,45814855,127
2026-08-22T11:26:39.772Z,CoinbasePub,45814855,127
2026-08-22T11:27:40.388Z,QuickNodeEP1,45814885,127
2026-08-22T11:27:40.388Z,CoinbasePub,45814885,127
2026-08-22T11:28:40.350Z,QuickNodeEP1,45814915,127
2026-08-22T11:28:40.350Z,CoinbasePub,45814916,127
2026-08-22T11:29:39.842Z,QuickNodeEP1,45814945,127
2026-08-22T11:29:39.842Z,CoinbasePub,45814945,127
2026-08-22T11:30:39.833Z,QuickNodeEP1,45814975,127
2026-08-22T11:30:39.833Z,CoinbasePub,45814975,127
2026-08-22T11:31:39.836Z,QuickNodeEP1,45815005,127
2026-08-22T11:31:39.836Z,CoinbasePub,45815005,127
2026-08-22T11:32:39.843Z,QuickNodeEP1,45815035,127
2026-08-22T11:32:39.843Z,CoinbasePub,45815035,HTTP 503
2026-08-22T11:33:39.901Z,QuickNodeEP1,45815065,127
2026-08-22T11:33:39.901Z,CoinbasePub,45815065,127
2026-08-22T11:34:40.464Z,QuickNodeEP1,45815095,127
2026-08-22T11:34:40.464Z,CoinbasePub,45815096,127
2026-08-22T11:35:39.833Z,QuickNodeEP1,45815125,127
2026-08-22T11:35:39.833Z,CoinbasePub,45815125,127
2026-08-22T11:36:39.832Z,QuickNodeEP1,45815155,127
2026-08-22T11:36:39.832Z,CoinbasePub,45815155,HTTP 503
2026-08-22T11:37:40.441Z,QuickNodeEP1,45815185,127
2026-08-22T11:37:40.441Z,CoinbasePub,45815186,127
2026-08-22T11:38:40.420Z,QuickNodeEP1,45815215,127
2026-08-22T11:38:40.420Z,CoinbasePub,45815216,127
2026-08-22T11:39:40.543Z,QuickNodeEP1,45815245,127
2026-08-22T11:39:40.543Z,CoinbasePub,45815246,127
2026-08-22T11:40:40.527Z,QuickNodeEP1,45815275,127
2026-08-22T11:40:40.527Z,CoinbasePub,45815276,HTTP 503
2026-08-22T11:41:40.490Z,QuickNodeEP1,45815305,127
2026-08-22T11:41:40.490Z,CoinbasePub,45815306,127
2026-08-22T11:42:40.426Z,QuickNodeEP1,45815335,127
2026-08-22T11:42:40.426Z,CoinbasePub,45815336,127
2026-08-22T11:43:39.943Z,QuickNodeEP1,45815365,127
2026-08-22T11:43:39.943Z,CoinbasePub,45815365,127
2026-08-22T11:44:39.891Z,QuickNodeEP1,45815395,127
2026-08-22T11:44:39.891Z,CoinbasePub,45815395,HTTP 503
2026-08-22T11:45:39.924Z,QuickNodeEP1,45815425,127
2026-08-22T11:45:39.924Z,CoinbasePub,45815425,HTTP 503
2026-08-22T11:46:39.965Z,QuickNodeEP1,45815455,127
2026-08-22T11:46:39.965Z,CoinbasePub,45815455,HTTP 503
2026-08-22T11:47:40.006Z,QuickNodeEP1,45815485,127
2026-08-22T11:47:40.006Z,CoinbasePub,45815485,127
2026-08-22T11:48:40.455Z,QuickNodeEP1,45815515,127
2026-08-22T11:48:40.455Z,CoinbasePub,45815516,127
2026-08-22T11:49:40.015Z,QuickNodeEP1,45815545,127
2026-08-22T11:49:40.015Z,CoinbasePub,45815545,127
2026-08-22T11:50:39.958Z,QuickNodeEP1,45815575,127
2026-08-22T11:50:39.958Z,CoinbasePub,45815575,127
2026-08-22T11:51:40.637Z,QuickNodeEP1,45815605,127
2026-08-22T11:51:40.637Z,CoinbasePub,45815606,127
2026-08-22T11:52:40.515Z,QuickNodeEP1,45815635,127
2026-08-22T11:52:40.515Z,CoinbasePub,45815636,127
2026-08-22T11:53:40.032Z,QuickNodeEP1,45815665,127
2026-08-22T11:53:40.032Z,CoinbasePub,45815665,127
2026-08-22T11:54:39.977Z,QuickNodeEP1,45815695,127
2026-08-22T11:54:39.977Z,CoinbasePub,45815695,HTTP 503
2026-08-22T11:55:40.548Z,QuickNodeEP1,45815725,HTTP 503
2026-08-22T11:55:40.548Z,CoinbasePub,45815726,HTTP 503
2026-08-22T11:56:40.519Z,QuickNodeEP1,45815755,HTTP 503
2026-08-22T11:56:40.519Z,CoinbasePub,45815756,HTTP 503
2026-08-22T11:57:40.109Z,QuickNodeEP1,45815785,127
2026-08-22T11:57:40.109Z,CoinbasePub,45815786,HTTP 503
2026-08-22T11:58:40.028Z,QuickNodeEP1,45815815,127
2026-08-22T11:58:40.028Z,CoinbasePub,45815815,HTTP 503
2026-08-22T11:59:40.240Z,QuickNodeEP1,45815845,127
2026-08-22T11:59:40.240Z,CoinbasePub,45815846,HTTP 503
2026-08-22T12:00:40.543Z,QuickNodeEP1,45815875,HTTP 503
2026-08-22T12:00:40.543Z,CoinbasePub,45815876,HTTP 503
2026-08-22T12:01:40.584Z,QuickNodeEP1,45815905,HTTP 503
2026-08-22T12:01:40.584Z,CoinbasePub,45815906,HTTP 503
2026-08-22T12:02:40.599Z,QuickNodeEP1,45815935,HTTP 503
2026-08-22T12:02:40.599Z,CoinbasePub,45815936,HTTP 503
2026-08-22T12:03:40.626Z,QuickNodeEP1,45815965,HTTP 503
2026-08-22T12:03:40.626Z,CoinbasePub,45815966,HTTP 503
2026-08-22T12:04:40.552Z,QuickNodeEP1,45815995,HTTP 503
2026-08-22T12:04:40.552Z,CoinbasePub,45815996,HTTP 503
2026-08-22T12:05:40.153Z,QuickNodeEP1,45816025,127
2026-08-22T12:05:40.153Z,CoinbasePub,45816026,HTTP 503
2026-08-22T12:06:40.154Z,QuickNodeEP1,45816055,127
2026-08-22T12:06:40.154Z,CoinbasePub,45816056,127
2026-08-22T12:07:40.654Z,QuickNodeEP1,45816085,127
2026-08-22T12:07:40.654Z,CoinbasePub,45816086,127
2026-08-22T12:08:40.673Z,QuickNodeEP1,45816115,127
2026-08-22T12:08:40.673Z,CoinbasePub,45816116,127
2026-08-22T12:09:40.686Z,QuickNodeEP1,45816145,127
2026-08-22T12:09:40.686Z,CoinbasePub,45816146,127
2026-08-22T12:10:40.625Z,QuickNodeEP1,45816172,127
2026-08-22T12:10:40.625Z,CoinbasePub,45816176,127
2026-08-22T12:11:40.662Z,QuickNodeEP1,45816205,HTTP 503
2026-08-22T12:11:40.662Z,CoinbasePub,45816206,HTTP 503
2026-08-22T12:12:40.630Z,QuickNodeEP1,45816235,HTTP 503
2026-08-22T12:12:40.630Z,CoinbasePub,45816236,HTTP 503
2026-08-22T12:13:40.208Z,QuickNodeEP1,45816265,127
2026-08-22T12:13:40.208Z,CoinbasePub,45816266,HTTP 503
2026-08-22T12:14:40.192Z,QuickNodeEP1,45816295,127
2026-08-22T12:14:40.192Z,CoinbasePub,45816296,127
2026-08-22T12:15:40.165Z,QuickNodeEP1,45816325,127
2026-08-22T12:15:40.165Z,CoinbasePub,45816325,127
2026-08-22T12:16:40.198Z,QuickNodeEP1,45816355,127
2026-08-22T12:16:40.198Z,CoinbasePub,45816356,127
2026-08-22T12:17:40.395Z,QuickNodeEP1,45816385,127
2026-08-22T12:17:40.395Z,CoinbasePub,45816386,127
2026-08-22T12:18:40.260Z,QuickNodeEP1,45816415,127
2026-08-22T12:18:40.260Z,CoinbasePub,45816416,127
2026-08-22T12:19:40.827Z,QuickNodeEP1,45816445,127
2026-08-22T12:19:40.827Z,CoinbasePub,45816446,127
2026-08-22T12:20:40.770Z,QuickNodeEP1,45816475,127
2026-08-22T12:20:40.770Z,CoinbasePub,45816476,127
2026-08-22T12:21:40.730Z,QuickNodeEP1,45816505,127
2026-08-22T12:21:40.730Z,CoinbasePub,45816506,127
2026-08-22T12:22:40.880Z,QuickNodeEP1,45816534,127
2026-08-22T12:22:40.880Z,CoinbasePub,45816536,127
2026-08-22T12:23:40.908Z,QuickNodeEP1,45816566,HTTP 503
2026-08-22T12:23:40.908Z,CoinbasePub,45816566,HTTP 503
2026-08-22T12:24:40.758Z,QuickNodeEP1,45816595,HTTP 503
2026-08-22T12:24:40.758Z,CoinbasePub,45816596,HTTP 503
2026-08-22T12:25:40.822Z,QuickNodeEP1,45816625,127
2026-08-22T12:25:40.822Z,CoinbasePub,45816626,127
2026-08-22T12:26:40.529Z,QuickNodeEP1,45816655,127
2026-08-22T12:26:40.529Z,CoinbasePub,45816656,127
2026-08-22T12:27:40.384Z,QuickNodeEP1,45816685,127
2026-08-22T12:27:40.384Z,CoinbasePub,45816685,127
2026-08-22T12:28:40.316Z,QuickNodeEP1,45816715,127
2026-08-22T12:28:40.316Z,CoinbasePub,45816716,127
2026-08-22T12:29:40.275Z,QuickNodeEP1,45816745,127
2026-08-22T12:29:40.275Z,CoinbasePub,45816746,127
2026-08-22T12:30:40.320Z,QuickNodeEP1,45816775,127
2026-08-22T12:30:40.320Z,CoinbasePub,45816776,127
2026-08-22T12:31:40.316Z,QuickNodeEP1,45816805,127
2026-08-22T12:31:40.316Z,CoinbasePub,45816806,127
2026-08-22T12:32:41.007Z,QuickNodeEP1,45816836,127
2026-08-22T12:32:41.007Z,CoinbasePub,45816836,127
2026-08-22T12:33:40.593Z,QuickNodeEP1,45816866,127
2026-08-22T12:33:40.593Z,CoinbasePub,45816866,127
2026-08-22T12:34:40.431Z,QuickNodeEP1,45816895,127
2026-08-22T12:34:40.431Z,CoinbasePub,45816896,127
2026-08-22T12:35:40.891Z,QuickNodeEP1,45816926,127
2026-08-22T12:35:40.891Z,CoinbasePub,45816926,127
2026-08-22T12:36:40.776Z,QuickNodeEP1,45816956,127
2026-08-22T12:36:40.776Z,CoinbasePub,45816956,127
2026-08-22T12:37:40.375Z,QuickNodeEP1,45816985,127
2026-08-22T12:37:40.375Z,CoinbasePub,45816985,127
2026-08-22T12:38:40.872Z,QuickNodeEP1,45817016,127
2026-08-22T12:38:40.872Z,CoinbasePub,45817016,127
2026-08-22T12:39:40.884Z,QuickNodeEP1,45817046,127
2026-08-22T12:39:40.884Z,CoinbasePub,45817046,127
2026-08-22T12:40:40.896Z,QuickNodeEP1,45817075,127
2026-08-22T12:40:40.896Z,CoinbasePub,45817076,127
2026-08-22T12:41:40.452Z,QuickNodeEP1,45817105,127
2026-08-22T12:41:40.452Z,CoinbasePub,45817106,HTTP 503
2026-08-22T12:42:40.383Z,QuickNodeEP1,45817135,127
2026-08-22T12:42:40.383Z,CoinbasePub,45817136,HTTP 503
2026-08-22T12:43:40.448Z,QuickNodeEP1,45817165,127
2026-08-22T12:43:40.448Z,CoinbasePub,45817166,HTTP 503
2026-08-22T12:44:40.394Z,QuickNodeEP1,45817195,127
2026-08-22T12:44:40.394Z,CoinbasePub,45817196,HTTP 503
2026-08-22T12:45:40.980Z,QuickNodeEP1,45817226,HTTP 503
2026-08-22T12:45:40.980Z,CoinbasePub,45817226,HTTP 503
2026-08-22T12:46:40.700Z,QuickNodeEP1,45817255,127
2026-08-22T12:46:40.700Z,CoinbasePub,45817256,HTTP 503
2026-08-22T12:47:40.418Z,QuickNodeEP1,45817285,127
2026-08-22T12:47:40.418Z,CoinbasePub,45817286,HTTP 503
2026-08-22T12:48:41.006Z,QuickNodeEP1,45817316,HTTP 503
2026-08-22T12:48:41.006Z,CoinbasePub,45817316,HTTP 503
2026-08-22T12:49:41.118Z,QuickNodeEP1,45817346,HTTP 503
2026-08-22T12:49:41.118Z,CoinbasePub,45817346,HTTP 503
2026-08-22T12:50:41.035Z,QuickNodeEP1,45817376,HTTP 503
2026-08-22T12:50:41.035Z,CoinbasePub,45817376,HTTP 503
2026-08-22T12:51:40.524Z,QuickNodeEP1,45817406,127
2026-08-22T12:51:40.524Z,CoinbasePub,45817406,HTTP 503
2026-08-22T12:52:40.742Z,QuickNodeEP1,45817436,127
2026-08-22T12:52:40.742Z,CoinbasePub,45817436,HTTP 503
2026-08-22T12:53:40.580Z,QuickNodeEP1,45817466,127
2026-08-22T12:53:40.580Z,CoinbasePub,45817466,HTTP 503
2026-08-22T12:54:40.631Z,QuickNodeEP1,45817495,127
2026-08-22T12:54:40.631Z,CoinbasePub,45817496,HTTP 503
2026-08-22T12:55:40.853Z,QuickNodeEP1,45817526,HTTP 503
2026-08-22T12:55:40.853Z,CoinbasePub,45817526,HTTP 503
2026-08-22T12:56:41.001Z,QuickNodeEP1,45817556,HTTP 503
2026-08-22T12:56:41.001Z,CoinbasePub,45817556,HTTP 503
2026-08-22T12:57:41.142Z,QuickNodeEP1,45817586,HTTP 503
2026-08-22T12:57:41.142Z,CoinbasePub,45817586,HTTP 503
2026-08-22T12:58:41.068Z,QuickNodeEP1,45817614,HTTP 503
2026-08-22T12:58:41.068Z,CoinbasePub,45817616,HTTP 503
2026-08-22T12:59:40.710Z,QuickNodeEP1,45817646,127
2026-08-22T12:59:40.710Z,CoinbasePub,45817646,HTTP 503
2026-08-22T13:00:41.220Z,QuickNodeEP1,45817676,HTTP 503
2026-08-22T13:00:41.220Z,CoinbasePub,45817676,HTTP 503
2026-08-22T13:01:41.087Z,QuickNodeEP1,45817706,HTTP 503
2026-08-22T13:01:41.087Z,CoinbasePub,45817706,HTTP 503
2026-08-22T13:02:41.136Z,QuickNodeEP1,45817736,HTTP 503
2026-08-22T13:02:41.136Z,CoinbasePub,45817736,HTTP 503
2026-08-22T13:03:41.327Z,QuickNodeEP1,45817766,HTTP 503
2026-08-22T13:03:41.327Z,CoinbasePub,45817766,HTTP 503
2026-08-22T13:04:41.344Z,QuickNodeEP1,45817796,HTTP 503
2026-08-22T13:04:41.344Z,CoinbasePub,45817796,HTTP 503
2026-08-22T13:05:41.117Z,QuickNodeEP1,45817826,HTTP 503
2026-08-22T13:05:41.117Z,CoinbasePub,45817826,HTTP 503
2026-08-22T13:06:41.190Z,QuickNodeEP1,45817856,HTTP 503
2026-08-22T13:06:41.190Z,CoinbasePub,45817856,HTTP 503
2026-08-22T13:07:41.318Z,QuickNodeEP1,45817886,HTTP 503
2026-08-22T13:07:41.318Z,CoinbasePub,45817886,HTTP 503
2026-08-22T13:08:40.753Z,QuickNodeEP1,45817916,127
2026-08-22T13:08:40.753Z,CoinbasePub,45817916,HTTP 503
2026-08-22T13:09:40.637Z,QuickNodeEP1,45817946,127
2026-08-22T13:09:40.637Z,CoinbasePub,45817946,HTTP 503
2026-08-22T13:10:40.656Z,QuickNodeEP1,45817976,127
2026-08-22T13:10:40.656Z,CoinbasePub,45817976,HTTP 503
2026-08-22T13:11:40.818Z,QuickNodeEP1,45818006,127
2026-08-22T13:11:40.818Z,CoinbasePub,45818006,HTTP 503
2026-08-22T13:12:40.753Z,QuickNodeEP1,45818036,127
2026-08-22T13:12:40.753Z,CoinbasePub,45818036,127
2026-08-22T13:13:40.664Z,QuickNodeEP1,45818066,127
2026-08-22T13:13:40.664Z,CoinbasePub,45818066,127
2026-08-22T13:14:41.227Z,QuickNodeEP1,45818096,127
2026-08-22T13:14:41.227Z,CoinbasePub,45818096,127
2026-08-22T13:15:41.384Z,QuickNodeEP1,45818126,127
2026-08-22T13:15:41.384Z,CoinbasePub,45818126,127
2026-08-22T13:16:41.247Z,QuickNodeEP1,45818156,127
2026-08-22T13:16:41.247Z,CoinbasePub,45818156,127
2026-08-22T13:17:41.297Z,QuickNodeEP1,45818186,127
2026-08-22T13:17:41.297Z,CoinbasePub,45818186,127
2026-08-22T13:18:40.749Z,QuickNodeEP1,45818216,127
2026-08-22T13:18:40.749Z,CoinbasePub,45818216,127
2026-08-22T13:19:40.718Z,QuickNodeEP1,45818246,127
2026-08-22T13:19:40.718Z,CoinbasePub,45818246,HTTP 503
2026-08-22T13:20:40.752Z,QuickNodeEP1,45818276,127
2026-08-22T13:20:40.752Z,CoinbasePub,45818276,127
2026-08-22T13:21:40.918Z,QuickNodeEP1,45818306,127
2026-08-22T13:21:40.918Z,CoinbasePub,45818306,127
2026-08-22T13:22:40.809Z,QuickNodeEP1,45818336,127
2026-08-22T13:22:40.809Z,CoinbasePub,45818336,127
2026-08-22T13:23:41.401Z,QuickNodeEP1,45818366,127
2026-08-22T13:23:41.401Z,CoinbasePub,45818366,127
2026-08-22T13:24:40.807Z,QuickNodeEP1,45818396,127
2026-08-22T13:24:40.807Z,CoinbasePub,45818396,127
2026-08-22T13:25:40.762Z,QuickNodeEP1,45818426,127
2026-08-22T13:25:40.762Z,CoinbasePub,45818426,127
2026-08-22T13:26:41.353Z,QuickNodeEP1,45818456,127
2026-08-22T13:26:41.353Z,CoinbasePub,45818456,127
2026-08-22T13:27:41.314Z,QuickNodeEP1,45818486,127
2026-08-22T13:27:41.314Z,CoinbasePub,45818486,127
2026-08-22T13:28:40.854Z,QuickNodeEP1,45818515,127
2026-08-22T13:28:40.854Z,CoinbasePub,45818515,127
2026-08-22T13:29:40.889Z,QuickNodeEP1,45818546,127
2026-08-22T13:29:40.889Z,CoinbasePub,45818546,127
2026-08-22T13:30:40.836Z,QuickNodeEP1,45818576,127
2026-08-22T13:30:40.836Z,CoinbasePub,45818576,127
2026-08-22T13:31:40.971Z,QuickNodeEP1,45818606,127
2026-08-22T13:31:40.971Z,CoinbasePub,45818606,HTTP 503
2026-08-22T13:32:40.861Z,QuickNodeEP1,45818636,127
2026-08-22T13:32:40.861Z,CoinbasePub,45818636,HTTP 503
2026-08-22T13:33:40.868Z,QuickNodeEP1,45818666,127
2026-08-22T13:33:40.868Z,CoinbasePub,45818666,HTTP 503
2026-08-22T13:34:41.533Z,QuickNodeEP1,45818696,HTTP 503
2026-08-22T13:34:41.533Z,CoinbasePub,45818696,HTTP 503
2026-08-22T13:35:41.444Z,QuickNodeEP1,45818726,127
2026-08-22T13:35:41.444Z,CoinbasePub,45818726,127
2026-08-22T13:36:40.902Z,QuickNodeEP1,45818756,127
2026-08-22T13:36:40.902Z,CoinbasePub,45818756,127
2026-08-22T13:37:41.098Z,QuickNodeEP1,45818786,127
2026-08-22T13:37:41.098Z,CoinbasePub,45818786,127
2026-08-22T13:38:40.980Z,QuickNodeEP1,45818816,127
2026-08-22T13:38:40.980Z,CoinbasePub,45818816,127
2026-08-22T13:39:40.992Z,QuickNodeEP1,45818846,127
2026-08-22T13:39:40.992Z,CoinbasePub,45818846,127
2026-08-22T13:40:41.051Z,QuickNodeEP1,45818873,127
2026-08-22T13:40:41.051Z,CoinbasePub,45818873,127
2026-08-22T13:41:40.940Z,QuickNodeEP1,45818906,127
2026-08-22T13:41:40.940Z,CoinbasePub,45818906,HTTP 503
2026-08-22T13:42:41.561Z,QuickNodeEP1,45818936,HTTP 503
2026-08-22T13:42:41.561Z,CoinbasePub,45818936,HTTP 503
2026-08-22T13:43:41.517Z,QuickNodeEP1,45818966,127
2026-08-22T13:43:41.517Z,CoinbasePub,45818966,127
2026-08-22T13:44:41.524Z,QuickNodeEP1,45818996,127
2026-08-22T13:44:41.524Z,CoinbasePub,45818996,127
2026-08-22T13:45:41.537Z,QuickNodeEP1,45819026,HTTP 503
2026-08-22T13:45:41.537Z,CoinbasePub,45819026,HTTP 503
2026-08-22T13:46:41.022Z,QuickNodeEP1,45819056,127
2026-08-22T13:46:41.022Z,CoinbasePub,45819056,HTTP 503
2026-08-22T13:47:41.103Z,QuickNodeEP1,45819086,127
2026-08-22T13:47:41.103Z,CoinbasePub,45819086,HTTP 503
2026-08-22T13:48:41.005Z,QuickNodeEP1,45819116,127
2026-08-22T13:48:41.005Z,CoinbasePub,45819116,HTTP 503
2026-08-22T13:49:41.053Z,QuickNodeEP1,45819146,127
2026-08-22T13:49:41.053Z,CoinbasePub,45819146,127
2026-08-22T13:50:41.066Z,QuickNodeEP1,45819176,127
2026-08-22T13:50:41.066Z,CoinbasePub,45819176,127
2026-08-22T13:51:41.045Z,QuickNodeEP1,45819203,127
2026-08-22T13:51:41.045Z,CoinbasePub,45819203,HTTP 503
2026-08-22T13:52:41.540Z,QuickNodeEP1,45819236,HTTP 503
2026-08-22T13:52:41.540Z,CoinbasePub,45819236,HTTP 503
2026-08-22T13:53:41.086Z,QuickNodeEP1,45819266,127
2026-08-22T13:53:41.086Z,CoinbasePub,45819266,HTTP 503
2026-08-22T13:54:41.009Z,QuickNodeEP1,45819296,127
2026-08-22T13:54:41.009Z,CoinbasePub,45819296,HTTP 503
2026-08-22T13:55:40.999Z,QuickNodeEP1,45819326,127
2026-08-22T13:55:40.999Z,CoinbasePub,45819326,HTTP 503
2026-08-22T13:56:41.685Z,QuickNodeEP1,45819356,HTTP 503
2026-08-22T13:56:41.685Z,CoinbasePub,45819356,HTTP 503
2026-08-22T13:57:42.233Z,QuickNodeEP1,45819386,HTTP 503
2026-08-22T13:57:42.233Z,CoinbasePub,45819386,HTTP 503
2026-08-22T13:58:41.542Z,QuickNodeEP1,45819416,HTTP 503
2026-08-22T13:58:41.542Z,CoinbasePub,45819416,HTTP 503
2026-08-22T13:59:41.621Z,QuickNodeEP1,45819446,HTTP 503
2026-08-22T13:59:41.621Z,CoinbasePub,45819446,HTTP 503
2026-08-22T14:00:41.568Z,QuickNodeEP1,45819467,HTTP 503
2026-08-22T14:00:41.568Z,CoinbasePub,45819476,HTTP 503
2026-08-22T14:01:41.595Z,QuickNodeEP1,45819506,HTTP 503
2026-08-22T14:01:41.595Z,CoinbasePub,45819506,HTTP 503
2026-08-22T14:02:41.637Z,QuickNodeEP1,45819530,HTTP 503
2026-08-22T14:02:41.637Z,CoinbasePub,45819536,HTTP 503
2026-08-22T14:03:41.767Z,QuickNodeEP1,45819566,HTTP 503
2026-08-22T14:03:41.767Z,CoinbasePub,45819566,HTTP 503
2026-08-22T14:04:41.647Z,QuickNodeEP1,45819596,HTTP 503
2026-08-22T14:04:41.647Z,CoinbasePub,45819596,HTTP 503
2026-08-22T14:05:41.617Z,QuickNodeEP1,45819626,HTTP 503
2026-08-22T14:05:41.617Z,CoinbasePub,45819626,HTTP 503
2026-08-22T14:06:41.635Z,QuickNodeEP1,45819656,HTTP 503
2026-08-22T14:06:41.635Z,CoinbasePub,45819656,HTTP 503
2026-08-22T14:07:41.188Z,QuickNodeEP1,45819686,127
2026-08-22T14:07:41.188Z,CoinbasePub,45819686,HTTP 503
2026-08-22T14:08:41.180Z,QuickNodeEP1,45819716,127
2026-08-22T14:08:41.180Z,CoinbasePub,45819716,HTTP 503
2026-08-22T14:09:41.165Z,QuickNodeEP1,45819746,127
2026-08-22T14:09:41.165Z,CoinbasePub,45819746,HTTP 503
2026-08-22T14:10:41.183Z,QuickNodeEP1,45819776,127
2026-08-22T14:10:41.183Z,CoinbasePub,45819776,HTTP 503
2026-08-22T14:11:41.265Z,QuickNodeEP1,45819806,127
2026-08-22T14:11:41.265Z,CoinbasePub,45819806,HTTP 503
2026-08-22T14:12:41.240Z,QuickNodeEP1,45819836,127
2026-08-22T14:12:41.240Z,CoinbasePub,45819836,HTTP 503
2026-08-22T14:13:41.337Z,QuickNodeEP1,45819866,127
2026-08-22T14:13:41.337Z,CoinbasePub,45819866,127
2026-08-22T14:14:41.723Z,QuickNodeEP1,45819896,127
2026-08-22T14:14:41.723Z,CoinbasePub,45819896,127
2026-08-22T14:15:41.676Z,QuickNodeEP1,45819926,127
2026-08-22T14:15:41.676Z,CoinbasePub,45819926,127
2026-08-22T14:16:41.225Z,QuickNodeEP1,45819956,127
2026-08-22T14:16:41.225Z,CoinbasePub,45819956,127
2026-08-22T14:17:41.166Z,QuickNodeEP1,45819986,127
2026-08-22T14:17:41.166Z,CoinbasePub,45819986,127
2026-08-22T14:18:41.207Z,QuickNodeEP1,45820016,127
2026-08-22T14:18:41.207Z,CoinbasePub,45820016,127
2026-08-22T14:19:41.251Z,QuickNodeEP1,45820046,127
2026-08-22T14:19:41.251Z,CoinbasePub,45820046,127
2026-08-22T14:20:41.770Z,QuickNodeEP1,45820076,127
2026-08-22T14:20:41.770Z,CoinbasePub,45820076,127
2026-08-22T14:21:41.473Z,QuickNodeEP1,45820106,127
2026-08-22T14:21:41.473Z,CoinbasePub,45820106,127
2026-08-22T14:22:41.201Z,QuickNodeEP1,45820136,127
2026-08-22T14:22:41.201Z,CoinbasePub,45820136,127
2026-08-22T14:23:41.230Z,QuickNodeEP1,45820166,127
2026-08-22T14:23:41.230Z,CoinbasePub,45820166,127
2026-08-22T14:24:41.283Z,QuickNodeEP1,45820196,127
2026-08-22T14:24:41.283Z,CoinbasePub,45820196,127
2026-08-22T14:25:41.829Z,QuickNodeEP1,45820226,127
2026-08-22T14:25:41.829Z,CoinbasePub,45820226,127
2026-08-22T14:26:41.787Z,QuickNodeEP1,45820256,127
2026-08-22T14:26:41.787Z,CoinbasePub,45820256,127
2026-08-22T14:27:41.771Z,QuickNodeEP1,45820286,127
2026-08-22T14:27:41.771Z,CoinbasePub,45820286,127
2026-08-22T14:28:41.263Z,QuickNodeEP1,45820316,127
2026-08-22T14:28:41.263Z,CoinbasePub,45820316,127
2026-08-22T14:29:41.355Z,QuickNodeEP1,45820346,127
2026-08-22T14:29:41.355Z,CoinbasePub,45820346,127
2026-08-22T14:30:41.929Z,QuickNodeEP1,45820376,127
2026-08-22T14:30:41.929Z,CoinbasePub,45820376,127
2026-08-22T14:31:41.838Z,QuickNodeEP1,45820406,127
2026-08-22T14:31:41.838Z,CoinbasePub,45820406,127
2026-08-22T14:32:41.400Z,QuickNodeEP1,45820436,127
2026-08-22T14:32:41.400Z,CoinbasePub,45820436,127
2026-08-22T14:33:41.367Z,QuickNodeEP1,45820466,127
2026-08-22T14:33:41.367Z,CoinbasePub,45820466,127
2026-08-22T14:34:41.952Z,QuickNodeEP1,45820496,127
2026-08-22T14:34:41.952Z,CoinbasePub,45820496,127
2026-08-22T14:35:41.904Z,QuickNodeEP1,45820526,127
2026-08-22T14:35:41.904Z,CoinbasePub,45820526,127
2026-08-22T14:36:41.425Z,QuickNodeEP1,45820556,127
2026-08-22T14:36:41.425Z,CoinbasePub,45820556,127
2026-08-22T14:37:41.361Z,QuickNodeEP1,45820586,127
2026-08-22T14:37:41.361Z,CoinbasePub,45820586,127
2026-08-22T14:38:41.366Z,QuickNodeEP1,45820616,127
2026-08-22T14:38:41.366Z,CoinbasePub,45820616,127
2026-08-22T14:39:41.437Z,QuickNodeEP1,45820646,127
2026-08-22T14:39:41.437Z,CoinbasePub,45820646,HTTP 503
2026-08-22T14:40:41.410Z,QuickNodeEP1,45820676,127
2026-08-22T14:40:41.410Z,CoinbasePub,45820676,HTTP 503
2026-08-22T14:41:41.511Z,QuickNodeEP1,45820701,127
2026-08-22T14:41:41.511Z,CoinbasePub,45820701,HTTP 503
2026-08-22T14:42:41.462Z,QuickNodeEP1,45820736,127
2026-08-22T14:42:41.462Z,CoinbasePub,45820736,HTTP 503
2026-08-22T14:43:41.540Z,QuickNodeEP1,45820766,127
2026-08-22T14:43:41.540Z,CoinbasePub,45820766,HTTP 503
2026-08-22T14:44:42.077Z,QuickNodeEP1,45820796,127
2026-08-22T14:44:42.077Z,CoinbasePub,45820796,127
2026-08-22T14:45:42.133Z,QuickNodeEP1,45820826,127
2026-08-22T14:45:42.133Z,CoinbasePub,45820826,127
2026-08-22T14:46:41.973Z,QuickNodeEP1,45820856,HTTP 503
2026-08-22T14:46:41.973Z,CoinbasePub,45820856,HTTP 503
2026-08-22T14:47:42.088Z,QuickNodeEP1,45820886,HTTP 503
2026-08-22T14:47:42.088Z,CoinbasePub,45820883,HTTP 503
2026-08-22T14:48:41.842Z,QuickNodeEP1,45820905,127
2026-08-22T14:48:41.842Z,CoinbasePub,45820907,HTTP 503
2026-08-22T14:49:41.473Z,QuickNodeEP1,45820946,127
2026-08-22T14:49:41.473Z,CoinbasePub,45820946,HTTP 503
2026-08-22T14:50:41.506Z,QuickNodeEP1,45820976,127
2026-08-22T14:50:41.506Z,CoinbasePub,45820976,HTTP 503
2026-08-22T14:51:41.777Z,QuickNodeEP1,45821006,HTTP 503
2026-08-22T14:51:41.777Z,CoinbasePub,45821006,HTTP 503
2026-08-22T14:52:41.988Z,QuickNodeEP1,45821036,HTTP 503
2026-08-22T14:52:41.988Z,CoinbasePub,45821036,HTTP 503
2026-08-22T14:53:42.057Z,QuickNodeEP1,45821066,127
2026-08-22T14:53:42.057Z,CoinbasePub,45821066,HTTP 503
2026-08-22T14:54:41.954Z,QuickNodeEP1,45821096,127
2026-08-22T14:54:41.954Z,CoinbasePub,45821096,HTTP 503
2026-08-22T14:55:42.146Z,QuickNodeEP1,45821124,HTTP 503
2026-08-22T14:55:42.146Z,CoinbasePub,45821126,HTTP 503
2026-08-22T14:56:42.123Z,QuickNodeEP1,45821147,HTTP 503
2026-08-22T14:56:42.123Z,CoinbasePub,45821156,HTTP 503
2026-08-22T14:57:42.199Z,QuickNodeEP1,45821173,HTTP 503
2026-08-22T14:57:42.199Z,CoinbasePub,45821183,HTTP 503
2026-08-22T14:58:42.074Z,QuickNodeEP1,45821197,HTTP 503
2026-08-22T14:58:42.074Z,CoinbasePub,45821216,HTTP 503
2026-08-22T14:59:41.642Z,QuickNodeEP1,45821246,127
2026-08-22T14:59:41.642Z,CoinbasePub,45821246,HTTP 503
2026-08-22T15:00:42.220Z,QuickNodeEP1,45821275,HTTP 503
2026-08-22T15:00:42.220Z,CoinbasePub,45821276,HTTP 503
2026-08-22T15:01:42.163Z,QuickNodeEP1,45821306,HTTP 503
2026-08-22T15:01:42.163Z,CoinbasePub,45821306,HTTP 503
2026-08-22T15:02:42.164Z,QuickNodeEP1,45821336,HTTP 503
2026-08-22T15:02:42.164Z,CoinbasePub,45821336,HTTP 503
2026-08-22T15:03:41.668Z,QuickNodeEP1,45821366,127
2026-08-22T15:03:41.668Z,CoinbasePub,45821366,HTTP 503
2026-08-22T15:04:41.740Z,QuickNodeEP1,45821396,127
2026-08-22T15:04:41.740Z,CoinbasePub,45821396,HTTP 503
2026-08-22T15:05:41.740Z,QuickNodeEP1,45821426,127
2026-08-22T15:05:41.740Z,CoinbasePub,45821426,HTTP 503
2026-08-22T15:06:41.901Z,QuickNodeEP1,45821456,127
2026-08-22T15:06:41.901Z,CoinbasePub,45821456,HTTP 503
2026-08-22T15:07:41.820Z,QuickNodeEP1,45821486,127
2026-08-22T15:07:41.820Z,CoinbasePub,45821486,HTTP 503
2026-08-22T15:08:41.668Z,QuickNodeEP1,45821516,127
2026-08-22T15:08:41.668Z,CoinbasePub,45821516,HTTP 503
2026-08-22T15:09:42.242Z,QuickNodeEP1,45821546,HTTP 503
2026-08-22T15:09:42.242Z,CoinbasePub,45821547,HTTP 503
2026-08-22T15:10:42.211Z,QuickNodeEP1,45821576,HTTP 503
2026-08-22T15:10:42.211Z,CoinbasePub,45821577,HTTP 503
2026-08-22T15:11:42.392Z,QuickNodeEP1,45821606,HTTP 503
2026-08-22T15:11:42.392Z,CoinbasePub,45821607,HTTP 503
2026-08-22T15:12:42.211Z,QuickNodeEP1,45821636,HTTP 503
2026-08-22T15:12:42.211Z,CoinbasePub,45821637,HTTP 503
2026-08-22T15:13:41.821Z,QuickNodeEP1,45821666,127
2026-08-22T15:13:41.821Z,CoinbasePub,45821666,HTTP 503
2026-08-22T15:14:42.250Z,QuickNodeEP1,45821696,127
2026-08-22T15:14:42.250Z,CoinbasePub,45821697,HTTP 503
2026-08-22T15:15:41.955Z,QuickNodeEP1,45821726,127
2026-08-22T15:15:41.955Z,CoinbasePub,45821726,127
2026-08-22T15:16:41.904Z,QuickNodeEP1,45821756,127
2026-08-22T15:16:41.904Z,CoinbasePub,45821756,127
2026-08-22T15:17:41.832Z,QuickNodeEP1,45821786,127
2026-08-22T15:17:41.832Z,CoinbasePub,45821786,127
2026-08-22T15:18:41.852Z,QuickNodeEP1,45821816,127
2026-08-22T15:18:41.852Z,CoinbasePub,45821816,127
2026-08-22T15:19:41.812Z,QuickNodeEP1,45821846,127
2026-08-22T15:19:41.812Z,CoinbasePub,45821846,127
2026-08-22T15:20:41.781Z,QuickNodeEP1,45821876,127
2026-08-22T15:20:41.781Z,CoinbasePub,45821876,HTTP 503
2026-08-22T15:21:41.827Z,QuickNodeEP1,45821906,127
2026-08-22T15:21:41.827Z,CoinbasePub,45821906,127
2026-08-22T15:22:41.810Z,QuickNodeEP1,45821936,127
2026-08-22T15:22:41.810Z,CoinbasePub,45821936,127
2026-08-22T15:23:42.114Z,QuickNodeEP1,45821966,127
2026-08-22T15:23:42.114Z,CoinbasePub,45821966,127
2026-08-22T15:24:41.958Z,QuickNodeEP1,45821996,127
2026-08-22T15:24:41.958Z,CoinbasePub,45821996,127
2026-08-22T15:25:41.866Z,QuickNodeEP1,45822026,127
2026-08-22T15:25:41.866Z,CoinbasePub,45822026,127
2026-08-22T15:26:41.814Z,QuickNodeEP1,45822056,127
2026-08-22T15:26:41.814Z,CoinbasePub,45822056,127
2026-08-22T15:27:41.857Z,QuickNodeEP1,45822086,127
2026-08-22T15:27:41.857Z,CoinbasePub,45822086,127
2026-08-22T15:28:41.951Z,QuickNodeEP1,45822116,127
2026-08-22T15:28:41.951Z,CoinbasePub,45822116,127
2026-08-22T15:29:42.524Z,QuickNodeEP1,45822146,127
2026-08-22T15:29:42.524Z,CoinbasePub,45822147,127
2026-08-22T15:30:42.339Z,QuickNodeEP1,45822176,127
2026-08-22T15:30:42.339Z,CoinbasePub,45822177,127
2026-08-22T15:31:41.891Z,QuickNodeEP1,45822206,127
2026-08-22T15:31:41.891Z,CoinbasePub,45822206,127
2026-08-22T15:32:41.852Z,QuickNodeEP1,45822236,127
2026-08-22T15:32:41.852Z,CoinbasePub,45822236,127
2026-08-22T15:33:41.869Z,QuickNodeEP1,45822266,127
2026-08-22T15:33:41.869Z,CoinbasePub,45822266,127
2026-08-22T15:34:41.922Z,QuickNodeEP1,45822296,127
2026-08-22T15:34:41.922Z,CoinbasePub,45822296,127
2026-08-22T15:35:42.069Z,QuickNodeEP1,45822326,127
2026-08-22T15:35:42.069Z,CoinbasePub,45822326,127
2026-08-22T15:36:42.415Z,QuickNodeEP1,45822356,127
2026-08-22T15:36:42.415Z,CoinbasePub,45822357,127
2026-08-22T15:37:41.956Z,QuickNodeEP1,45822384,127
2026-08-22T15:37:41.956Z,CoinbasePub,45822384,127
2026-08-22T15:38:41.923Z,QuickNodeEP1,45822405,127
2026-08-22T15:38:41.923Z,CoinbasePub,45822405,127
2026-08-22T15:39:41.981Z,QuickNodeEP1,45822446,127
2026-08-22T15:39:41.981Z,CoinbasePub,45822446,127
2026-08-22T15:40:41.963Z,QuickNodeEP1,45822471,127
2026-08-22T15:40:41.963Z,CoinbasePub,45822471,127
2026-08-22T15:41:42.041Z,QuickNodeEP1,45822500,127
2026-08-22T15:41:42.041Z,CoinbasePub,45822501,127
2026-08-22T15:42:41.951Z,QuickNodeEP1,45822536,127
2026-08-22T15:42:41.951Z,CoinbasePub,45822536,HTTP 503
2026-08-22T15:43:41.999Z,QuickNodeEP1,45822566,127
2026-08-22T15:43:41.999Z,CoinbasePub,45822566,127
2026-08-22T15:44:42.064Z,QuickNodeEP1,45822596,127
2026-08-22T15:44:42.064Z,CoinbasePub,45822596,127
2026-08-22T15:45:42.092Z,QuickNodeEP1,45822626,127
2026-08-22T15:45:42.092Z,CoinbasePub,45822626,127
2026-08-22T15:46:42.036Z,QuickNodeEP1,45822656,127
2026-08-22T15:46:42.036Z,CoinbasePub,45822656,HTTP 503
2026-08-22T15:47:42.084Z,QuickNodeEP1,45822686,127
2026-08-22T15:47:42.084Z,CoinbasePub,45822686,HTTP 503
2026-08-22T15:48:42.005Z,QuickNodeEP1,45822716,127
2026-08-22T15:48:42.005Z,CoinbasePub,45822716,HTTP 503
2026-08-22T15:49:42.071Z,QuickNodeEP1,45822746,127
2026-08-22T15:49:42.071Z,CoinbasePub,45822746,HTTP 503
2026-08-22T15:50:42.196Z,QuickNodeEP1,45822773,127
2026-08-22T15:50:42.196Z,CoinbasePub,45822773,HTTP 503
2026-08-22T15:51:42.064Z,QuickNodeEP1,45822806,127
2026-08-22T15:51:42.064Z,CoinbasePub,45822806,HTTP 503
2026-08-22T15:52:42.165Z,QuickNodeEP1,45822836,127
2026-08-22T15:52:42.165Z,CoinbasePub,45822836,HTTP 503
2026-08-22T15:53:43.756Z,QuickNodeEP1,45822866,HTTP 503
2026-08-22T15:53:43.756Z,CoinbasePub,45822867,HTTP 503
2026-08-22T15:54:42.647Z,QuickNodeEP1,45822896,HTTP 503
2026-08-22T15:54:42.647Z,CoinbasePub,45822897,HTTP 503
2026-08-22T15:55:42.907Z,QuickNodeEP1,45822926,127
2026-08-22T15:55:42.907Z,CoinbasePub,45822927,HTTP 503
2026-08-22T15:56:42.126Z,QuickNodeEP1,45822956,127
2026-08-22T15:56:42.126Z,CoinbasePub,45822956,HTTP 503
2026-08-22T15:57:42.139Z,QuickNodeEP1,45822986,127
2026-08-22T15:57:42.139Z,CoinbasePub,45822986,HTTP 503
2026-08-22T15:58:42.187Z,QuickNodeEP1,45823016,127
2026-08-22T15:58:42.187Z,CoinbasePub,45823016,HTTP 503
2026-08-22T15:59:42.131Z,QuickNodeEP1,45823046,127
2026-08-22T15:59:42.131Z,CoinbasePub,45823046,HTTP 503
2026-08-22T16:00:42.125Z,QuickNodeEP1,45823076,127
2026-08-22T16:00:42.125Z,CoinbasePub,45823076,HTTP 503
2026-08-22T16:01:42.379Z,QuickNodeEP1,45823106,127
2026-08-22T16:01:42.379Z,CoinbasePub,45823106,HTTP 503
2026-08-22T16:02:42.150Z,QuickNodeEP1,45823136,127
2026-08-22T16:02:42.150Z,CoinbasePub,45823136,HTTP 503
2026-08-22T16:03:42.325Z,QuickNodeEP1,45823166,127
2026-08-22T16:03:42.325Z,CoinbasePub,45823167,HTTP 503
2026-08-22T16:04:42.237Z,QuickNodeEP1,45823196,127
2026-08-22T16:04:42.237Z,CoinbasePub,45823196,HTTP 503
2026-08-22T16:05:42.302Z,QuickNodeEP1,45823226,127
2026-08-22T16:05:42.302Z,CoinbasePub,45823227,HTTP 503
2026-08-22T16:06:42.275Z,QuickNodeEP1,45823256,127
2026-08-22T16:06:42.275Z,CoinbasePub,45823256,HTTP 503
2026-08-22T16:07:42.787Z,QuickNodeEP1,45823286,HTTP 503
2026-08-22T16:07:42.787Z,CoinbasePub,45823287,HTTP 503
2026-08-22T16:08:42.637Z,QuickNodeEP1,45823316,127
2026-08-22T16:08:42.637Z,CoinbasePub,45823317,HTTP 503
2026-08-22T16:09:42.344Z,QuickNodeEP1,45823346,127
2026-08-22T16:09:42.344Z,CoinbasePub,45823346,HTTP 503
2026-08-22T16:10:42.275Z,QuickNodeEP1,45823376,127
2026-08-22T16:10:42.275Z,CoinbasePub,45823376,HTTP 503
2026-08-22T16:11:42.280Z,QuickNodeEP1,45823406,127
2026-08-22T16:11:42.280Z,CoinbasePub,45823406,HTTP 503
2026-08-22T16:12:42.826Z,QuickNodeEP1,45823436,HTTP 503
2026-08-22T16:12:42.826Z,CoinbasePub,45823437,HTTP 503
2026-08-22T16:13:42.967Z,QuickNodeEP1,45823467,HTTP 503
2026-08-22T16:13:42.967Z,CoinbasePub,45823467,HTTP 503
2026-08-22T16:14:42.803Z,QuickNodeEP1,45823496,HTTP 503
2026-08-22T16:14:42.803Z,CoinbasePub,45823497,HTTP 503
2026-08-22T16:15:42.893Z,QuickNodeEP1,45823526,HTTP 503
2026-08-22T16:15:42.893Z,CoinbasePub,45823527,HTTP 503
2026-08-22T16:16:42.813Z,QuickNodeEP1,45823556,HTTP 503
2026-08-22T16:16:42.813Z,CoinbasePub,45823557,HTTP 503
2026-08-22T16:17:42.908Z,QuickNodeEP1,45823586,127
2026-08-22T16:17:42.908Z,CoinbasePub,45823587,127
2026-08-22T16:18:42.363Z,QuickNodeEP1,45823616,127
2026-08-22T16:18:42.363Z,CoinbasePub,45823616,127
2026-08-22T16:19:42.599Z,QuickNodeEP1,45823646,127
2026-08-22T16:19:42.599Z,CoinbasePub,45823647,127
2026-08-22T16:20:42.270Z,QuickNodeEP1,45823676,127
2026-08-22T16:20:42.270Z,CoinbasePub,45823677,127
2026-08-22T16:21:42.482Z,QuickNodeEP1,45823706,127
2026-08-22T16:21:42.482Z,CoinbasePub,45823707,127
2026-08-22T16:22:42.294Z,QuickNodeEP1,45823736,127
2026-08-22T16:22:42.294Z,CoinbasePub,45823737,127
2026-08-22T16:23:42.999Z,QuickNodeEP1,45823767,127
2026-08-22T16:23:42.999Z,CoinbasePub,45823767,127
2026-08-22T16:24:42.631Z,QuickNodeEP1,45823796,127
2026-08-22T16:24:42.631Z,CoinbasePub,45823797,127
2026-08-22T16:25:42.322Z,QuickNodeEP1,45823826,127
2026-08-22T16:25:42.322Z,CoinbasePub,45823827,127
2026-08-22T16:26:42.556Z,QuickNodeEP1,45823856,127
2026-08-22T16:26:42.556Z,CoinbasePub,45823857,127
2026-08-22T16:27:42.560Z,QuickNodeEP1,45823886,127
2026-08-22T16:27:42.560Z,CoinbasePub,45823887,127
2026-08-22T16:28:43.250Z,QuickNodeEP1,45823917,127
2026-08-22T16:28:43.250Z,CoinbasePub,45823917,127
2026-08-22T16:29:42.799Z,QuickNodeEP1,45823946,127
2026-08-22T16:29:42.799Z,CoinbasePub,45823947,127
2026-08-22T16:30:42.365Z,QuickNodeEP1,45823976,127
2026-08-22T16:30:42.365Z,CoinbasePub,45823977,127
2026-08-22T16:31:42.461Z,QuickNodeEP1,45824006,127
2026-08-22T16:31:42.461Z,CoinbasePub,45824007,127
2026-08-22T16:32:42.478Z,QuickNodeEP1,45824036,127
2026-08-22T16:32:42.478Z,CoinbasePub,45824037,127
2026-08-22T16:33:42.489Z,QuickNodeEP1,45824066,127
2026-08-22T16:33:42.489Z,CoinbasePub,45824067,127
2026-08-22T16:34:42.566Z,QuickNodeEP1,45824096,127
2026-08-22T16:34:42.566Z,CoinbasePub,45824097,127
2026-08-22T16:35:42.539Z,QuickNodeEP1,45824126,127
2026-08-22T16:35:42.539Z,CoinbasePub,45824127,127
2026-08-22T16:36:42.607Z,QuickNodeEP1,45824156,127
2026-08-22T16:36:42.607Z,CoinbasePub,45824157,127
2026-08-22T16:37:43.023Z,QuickNodeEP1,45824186,127
2026-08-22T16:37:43.023Z,CoinbasePub,45824187,127
2026-08-22T16:38:43.265Z,QuickNodeEP1,45824216,HTTP 503
2026-08-22T16:38:43.265Z,CoinbasePub,45824217,HTTP 503
2026-08-22T16:39:43.117Z,QuickNodeEP1,45824247,HTTP 503
2026-08-22T16:39:43.117Z,CoinbasePub,45824247,HTTP 503
2026-08-22T16:40:43.088Z,QuickNodeEP1,45824276,HTTP 503
2026-08-22T16:40:43.088Z,CoinbasePub,45824276,HTTP 503
2026-08-22T16:41:43.064Z,QuickNodeEP1,45824307,HTTP 503
2026-08-22T16:41:43.064Z,CoinbasePub,45824307,HTTP 503
2026-08-22T16:42:42.727Z,QuickNodeEP1,45824337,127
2026-08-22T16:42:42.727Z,CoinbasePub,45824337,HTTP 503
2026-08-22T16:43:42.765Z,QuickNodeEP1,45824367,127
2026-08-22T16:43:42.765Z,CoinbasePub,45824367,HTTP 503
2026-08-22T16:44:44.451Z,QuickNodeEP1,45824397,127
2026-08-22T16:44:44.451Z,CoinbasePub,45824398,HTTP 503
2026-08-22T16:45:42.680Z,QuickNodeEP1,45824426,127
2026-08-22T16:45:42.680Z,CoinbasePub,45824427,HTTP 503
2026-08-22T16:46:43.189Z,QuickNodeEP1,45824457,HTTP 503
2026-08-22T16:46:43.189Z,CoinbasePub,45824457,HTTP 503
2026-08-22T16:47:43.115Z,QuickNodeEP1,45824486,HTTP 503
2026-08-22T16:47:43.115Z,CoinbasePub,45824487,HTTP 503
2026-08-22T16:48:43.231Z,QuickNodeEP1,45824517,HTTP 503
2026-08-22T16:48:43.231Z,CoinbasePub,45824517,HTTP 503
2026-08-22T16:49:42.838Z,QuickNodeEP1,45824547,127
2026-08-22T16:49:42.838Z,CoinbasePub,45824547,HTTP 503
2026-08-22T16:50:42.666Z,QuickNodeEP1,45824577,127
2026-08-22T16:50:42.666Z,CoinbasePub,45824577,HTTP 503
2026-08-22T16:51:42.631Z,QuickNodeEP1,45824607,127
2026-08-22T16:51:42.631Z,CoinbasePub,45824607,HTTP 503
2026-08-22T16:52:42.745Z,QuickNodeEP1,45824636,127
2026-08-22T16:52:42.745Z,CoinbasePub,45824637,HTTP 503
2026-08-22T16:53:42.734Z,QuickNodeEP1,45824667,127
2026-08-22T16:53:42.734Z,CoinbasePub,45824667,HTTP 503
2026-08-22T16:54:43.344Z,QuickNodeEP1,45824697,HTTP 503
2026-08-22T16:54:43.344Z,CoinbasePub,45824697,HTTP 503
2026-08-22T16:55:42.969Z,QuickNodeEP1,45824727,127
2026-08-22T16:55:42.969Z,CoinbasePub,45824727,HTTP 503
2026-08-22T16:56:42.761Z,QuickNodeEP1,45824756,127
2026-08-22T16:56:42.761Z,CoinbasePub,45824757,HTTP 503
2026-08-22T16:57:43.756Z,QuickNodeEP1,45824787,HTTP 503
2026-08-22T16:57:43.756Z,CoinbasePub,45824787,HTTP 503
2026-08-22T16:58:43.336Z,QuickNodeEP1,45824817,127
2026-08-22T16:58:43.336Z,CoinbasePub,45824817,127
2026-08-22T16:59:43.371Z,QuickNodeEP1,45824847,127
2026-08-22T16:59:43.371Z,CoinbasePub,45824847,127
2026-08-22T17:00:43.259Z,QuickNodeEP1,45824877,127
2026-08-22T17:00:43.259Z,CoinbasePub,45824877,HTTP 503
2026-08-22T17:01:42.960Z,QuickNodeEP1,45824907,127
2026-08-22T17:01:42.960Z,CoinbasePub,45824907,127
2026-08-22T17:02:43.399Z,QuickNodeEP1,45824937,127
2026-08-22T17:02:43.399Z,CoinbasePub,45824937,127
2026-08-22T17:03:42.813Z,QuickNodeEP1,45824967,127
2026-08-22T17:03:42.813Z,CoinbasePub,45824967,127
2026-08-22T17:04:42.930Z,QuickNodeEP1,45824997,127
2026-08-22T17:04:42.930Z,CoinbasePub,45824997,127
2026-08-22T17:05:43.349Z,QuickNodeEP1,45825027,127
2026-08-22T17:05:43.349Z,CoinbasePub,45825027,127
2026-08-22T17:06:43.424Z,QuickNodeEP1,45825057,127
2026-08-22T17:06:43.424Z,CoinbasePub,45825057,127
2026-08-22T17:07:42.782Z,QuickNodeEP1,45825087,127
2026-08-22T17:07:42.782Z,CoinbasePub,45825087,127
2026-08-22T17:08:43.233Z,QuickNodeEP1,45825117,127
2026-08-22T17:08:43.233Z,CoinbasePub,45825117,127
2026-08-22T17:09:43.397Z,QuickNodeEP1,45825147,127
2026-08-22T17:09:43.397Z,CoinbasePub,45825147,127
2026-08-22T17:10:43.404Z,QuickNodeEP1,45825177,127
2026-08-22T17:10:43.404Z,CoinbasePub,45825177,127
2026-08-22T17:11:42.903Z,QuickNodeEP1,45825207,127
2026-08-22T17:11:42.903Z,CoinbasePub,45825207,127
2026-08-22T17:12:42.892Z,QuickNodeEP1,45825237,127
2026-08-22T17:12:42.892Z,CoinbasePub,45825237,127
2026-08-22T17:13:43.543Z,QuickNodeEP1,45825267,127
2026-08-22T17:13:43.543Z,CoinbasePub,45825267,127
2026-08-22T17:14:43.362Z,QuickNodeEP1,45825297,127
2026-08-22T17:14:43.362Z,CoinbasePub,45825297,127
2026-08-22T17:15:43.865Z,QuickNodeEP1,45825327,127
2026-08-22T17:15:43.865Z,CoinbasePub,45825327,127
2026-08-22T17:16:43.360Z,QuickNodeEP1,45825357,127
2026-08-22T17:16:43.360Z,CoinbasePub,45825357,127
2026-08-22T17:17:43.435Z,QuickNodeEP1,45825386,127
2026-08-22T17:17:43.435Z,CoinbasePub,45825387,127
2026-08-22T17:18:46.452Z,QuickNodeEP1,45825416,127
2026-08-22T17:18:46.452Z,CoinbasePub,45825418,127
2026-08-22T17:19:42.985Z,QuickNodeEP1,45825447,127
2026-08-22T17:19:42.985Z,CoinbasePub,45825447,HTTP 503
2026-08-22T17:20:43.157Z,QuickNodeEP1,45825477,127
2026-08-22T17:20:43.157Z,CoinbasePub,45825477,127
2026-08-22T17:21:44.609Z,QuickNodeEP1,45825507,127
2026-08-22T17:21:44.609Z,CoinbasePub,45825508,127
2026-08-22T17:22:43.624Z,QuickNodeEP1,45825537,127
2026-08-22T17:22:43.624Z,CoinbasePub,45825537,127
2026-08-22T17:23:43.034Z,QuickNodeEP1,45825567,127
2026-08-22T17:23:43.034Z,CoinbasePub,45825567,127
2026-08-22T17:24:43.011Z,QuickNodeEP1,45825597,127
2026-08-22T17:24:43.011Z,CoinbasePub,45825597,127
2026-08-22T17:25:43.558Z,QuickNodeEP1,45825627,127
2026-08-22T17:25:43.558Z,CoinbasePub,45825627,127
2026-08-22T17:26:43.566Z,QuickNodeEP1,45825657,127
2026-08-22T17:26:43.566Z,CoinbasePub,45825657,127
2026-08-22T17:27:43.119Z,QuickNodeEP1,45825687,127
2026-08-22T17:27:43.119Z,CoinbasePub,45825687,127
2026-08-22T17:28:44.636Z,QuickNodeEP1,45825715,127
2026-08-22T17:28:44.636Z,CoinbasePub,45825715,127
2026-08-22T17:29:43.381Z,QuickNodeEP1,45825747,127
2026-08-22T17:29:43.381Z,CoinbasePub,45825747,HTTP 503
2026-08-22T17:30:43.044Z,QuickNodeEP1,45825776,127
2026-08-22T17:30:43.044Z,CoinbasePub,45825777,HTTP 503
2026-08-22T17:31:43.023Z,QuickNodeEP1,45825806,127
2026-08-22T17:31:43.023Z,CoinbasePub,45825807,127
2026-08-22T17:32:43.071Z,QuickNodeEP1,45825837,127
2026-08-22T17:32:43.071Z,CoinbasePub,45825837,127
2026-08-22T17:33:43.676Z,QuickNodeEP1,45825867,127
2026-08-22T17:33:43.676Z,CoinbasePub,45825867,127
2026-08-22T17:34:43.751Z,QuickNodeEP1,45825897,127
2026-08-22T17:34:43.751Z,CoinbasePub,45825897,127
2026-08-22T17:35:43.855Z,QuickNodeEP1,45825927,127
2026-08-22T17:35:43.855Z,CoinbasePub,45825927,127
2026-08-22T17:36:43.772Z,QuickNodeEP1,45825957,127
2026-08-22T17:36:43.772Z,CoinbasePub,45825957,127
2026-08-22T17:37:43.410Z,QuickNodeEP1,45825987,127
2026-08-22T17:37:43.410Z,CoinbasePub,45825987,127
2026-08-22T17:38:43.089Z,QuickNodeEP1,45826017,127
2026-08-22T17:38:43.089Z,CoinbasePub,45826017,127
2026-08-22T17:39:43.376Z,QuickNodeEP1,45826047,127
2026-08-22T17:39:43.376Z,CoinbasePub,45826047,127
2026-08-22T17:40:43.073Z,QuickNodeEP1,45826077,127
2026-08-22T17:40:43.073Z,CoinbasePub,45826077,127
2026-08-22T17:41:43.229Z,QuickNodeEP1,45826107,127
2026-08-22T17:41:43.229Z,CoinbasePub,45826107,127
2026-08-22T17:42:43.193Z,QuickNodeEP1,45826137,127
2026-08-22T17:42:43.193Z,CoinbasePub,45826137,127
2026-08-22T17:43:43.762Z,QuickNodeEP1,45826167,127
2026-08-22T17:43:43.762Z,CoinbasePub,45826167,127
2026-08-22T17:44:43.783Z,QuickNodeEP1,45826197,127
2026-08-22T17:44:43.783Z,CoinbasePub,45826197,127
2026-08-22T17:45:43.179Z,QuickNodeEP1,45826227,127
2026-08-22T17:45:43.179Z,CoinbasePub,45826227,127
2026-08-22T17:46:43.883Z,QuickNodeEP1,45826257,127
2026-08-22T17:46:43.883Z,CoinbasePub,45826257,127
2026-08-22T17:47:43.659Z,QuickNodeEP1,45826287,127
2026-08-22T17:47:43.659Z,CoinbasePub,45826287,127
2026-08-22T17:48:46.395Z,QuickNodeEP1,45826318,127
2026-08-22T17:48:46.395Z,CoinbasePub,45826319,127
2026-08-22T17:49:43.207Z,QuickNodeEP1,45826347,127
2026-08-22T17:49:43.207Z,CoinbasePub,45826347,127
2026-08-22T17:50:43.391Z,QuickNodeEP1,45826377,127
2026-08-22T17:50:43.391Z,CoinbasePub,45826377,127
2026-08-22T17:51:43.367Z,QuickNodeEP1,45826407,127
2026-08-22T17:51:43.367Z,CoinbasePub,45826407,127
2026-08-22T17:52:43.259Z,QuickNodeEP1,45826437,127
2026-08-22T17:52:43.259Z,CoinbasePub,45826437,127
2026-08-22T17:53:43.327Z,QuickNodeEP1,45826467,127
2026-08-22T17:53:43.327Z,CoinbasePub,45826467,127
2026-08-22T17:54:43.275Z,QuickNodeEP1,45826497,127
2026-08-22T17:54:43.275Z,CoinbasePub,45826497,127
2026-08-22T17:55:43.249Z,QuickNodeEP1,45826527,127
2026-08-22T17:55:43.249Z,CoinbasePub,45826527,127
2026-08-22T17:56:43.836Z,QuickNodeEP1,45826557,127
2026-08-22T17:56:43.836Z,CoinbasePub,45826557,127
2026-08-22T17:57:43.747Z,QuickNodeEP1,45826587,127
2026-08-22T17:57:43.747Z,CoinbasePub,45826587,127
2026-08-22T17:58:43.314Z,QuickNodeEP1,45826617,127
2026-08-22T17:58:43.314Z,CoinbasePub,45826617,127
2026-08-22T17:59:43.868Z,QuickNodeEP1,45826647,127
2026-08-22T17:59:43.868Z,CoinbasePub,45826647,127
2026-08-22T18:00:47.810Z,QuickNodeEP1,45826679,127
2026-08-22T18:00:47.810Z,CoinbasePub,45826679,127
2026-08-22T18:01:43.524Z,QuickNodeEP1,45826706,127
2026-08-22T18:01:43.524Z,CoinbasePub,45826707,127
2026-08-22T18:02:43.630Z,QuickNodeEP1,45826736,127
2026-08-22T18:02:43.630Z,CoinbasePub,45826737,127
2026-08-22T18:03:43.761Z,QuickNodeEP1,45826767,127
2026-08-22T18:03:43.761Z,CoinbasePub,45826767,127
2026-08-22T18:04:43.358Z,QuickNodeEP1,45826797,127
2026-08-22T18:04:43.358Z,CoinbasePub,45826797,127
2026-08-22T18:05:43.424Z,QuickNodeEP1,45826827,127
2026-08-22T18:05:43.424Z,CoinbasePub,45826827,127
2026-08-22T18:06:43.420Z,QuickNodeEP1,45826857,127
2026-08-22T18:06:43.420Z,CoinbasePub,45826857,127
2026-08-22T18:07:43.658Z,QuickNodeEP1,45826887,127
2026-08-22T18:07:43.658Z,CoinbasePub,45826887,127
2026-08-22T18:08:43.469Z,QuickNodeEP1,45826917,127
2026-08-22T18:08:43.469Z,CoinbasePub,45826917,127
2026-08-22T18:09:44.032Z,QuickNodeEP1,45826947,127
2026-08-22T18:09:44.032Z,CoinbasePub,45826947,127
2026-08-22T18:10:43.977Z,QuickNodeEP1,45826977,127
2026-08-22T18:10:43.977Z,CoinbasePub,45826977,127
2026-08-22T18:11:43.809Z,QuickNodeEP1,45827007,127
2026-08-22T18:11:43.809Z,CoinbasePub,45827007,127
2026-08-22T18:12:43.413Z,QuickNodeEP1,45827037,127
2026-08-22T18:12:43.413Z,CoinbasePub,45827037,127
2026-08-22T18:13:43.622Z,QuickNodeEP1,45827067,127
2026-08-22T18:13:43.622Z,CoinbasePub,45827067,127
2026-08-22T18:14:43.442Z,QuickNodeEP1,45827097,127
2026-08-22T18:14:43.442Z,CoinbasePub,45827097,127
2026-08-22T18:15:44.222Z,QuickNodeEP1,45827127,127
2026-08-22T18:15:44.222Z,CoinbasePub,45827127,127
2026-08-22T18:16:52.243Z,QuickNodeEP1,45827158,127
2026-08-22T18:16:52.243Z,CoinbasePub,45827161,127
2026-08-22T18:17:44.510Z,QuickNodeEP1,45827187,127
2026-08-22T18:17:44.510Z,CoinbasePub,45827188,127
2026-08-22T18:18:43.804Z,QuickNodeEP1,45827217,127
2026-08-22T18:18:43.804Z,CoinbasePub,45827217,127
2026-08-22T18:19:43.758Z,QuickNodeEP1,45827247,127
2026-08-22T18:19:43.758Z,CoinbasePub,45827247,127
2026-08-22T18:20:43.697Z,QuickNodeEP1,45827277,127
2026-08-22T18:20:43.697Z,CoinbasePub,45827277,127
2026-08-22T18:21:44.065Z,QuickNodeEP1,45827307,127
2026-08-22T18:21:44.065Z,CoinbasePub,45827307,127
2026-08-22T18:22:44.243Z,QuickNodeEP1,45827337,127
2026-08-22T18:22:44.243Z,CoinbasePub,45827337,127
2026-08-22T18:23:52.169Z,QuickNodeEP1,45827371,127
2026-08-22T18:23:52.169Z,CoinbasePub,45827371,127
2026-08-22T18:24:52.002Z,QuickNodeEP1,45827401,127
2026-08-22T18:24:52.002Z,CoinbasePub,45827401,127
2026-08-22T18:25:51.577Z,QuickNodeEP1,45827431,127
2026-08-22T18:25:51.577Z,CoinbasePub,45827431,127
2026-08-22T18:26:51.826Z,QuickNodeEP1,45827461,127
2026-08-22T18:26:51.826Z,CoinbasePub,45827461,127
2026-08-22T18:27:58.483Z,QuickNodeEP1,45827494,127
2026-08-22T18:27:58.483Z,CoinbasePub,45827495,127
2026-08-22T18:28:51.470Z,QuickNodeEP1,45827521,127
2026-08-22T18:28:51.470Z,CoinbasePub,45827521,127
2026-08-22T18:29:51.877Z,QuickNodeEP1,45827551,127
2026-08-22T18:29:51.877Z,CoinbasePub,45827551,127
